﻿<?xml version="1.0"?>
<doc>
<assembly>
<name>
BarraSurf
</name>
</assembly>
<members>
<member name="P:BarraSurf.BarraSurf.tabla">
	<summary>
 Propiedad tabla de tipo String. Obtiene o establece el nombre de la tabla de la base de datos.
 </summary>
	<value>Nombre de la tabla a establecer</value>
	<returns>retorna el nombre de la tabla  de la base de datos.</returns>
	<remarks></remarks>
</member><member name="P:BarraSurf.BarraSurf.dataset">
	<summary>
 Propiedad dataset. Obtiene o establece el conjunto de datos del formulario
 </summary>
	<value>objeto de tipo dataset a asignar</value>
	<returns>retorna un objeto de tipo dataset</returns>
	<remarks></remarks>
</member><member name="P:BarraSurf.BarraSurf.HabilCmdSalir">
	<summary>
 Propiedad HabilCmdSalir. 
 <para>Obtiene o establece si el botón CmdSalir está habilitado o no lo está. </para>
	</summary>
	<value>valor booleano a asignar</value>
	<returns>devuelve un valor booleano indicando si CmdSalir esta habilitado o no lo está.</returns>
	<remarks></remarks>
</member><member name="P:BarraSurf.BarraSurf.HabilCmdActualizar">
	<summary>
 Propiedad HabilCmdActualizar.
 <para>Obtiene o establce si el botón CmdActualizar está habilitado o deshabilitado.</para>
	</summary>
	<value>valor booleano a asignar</value>
	<returns>devuelve un valor booleano indicando si el botón CmdActualizar está habilitado o no lo está.</returns>
	<remarks></remarks>
</member><member name="P:BarraSurf.BarraSurf.HabilCmdeshacer">
	<summary>
 Propiedad HabilCmdeshacer
 <para>Obtiene o establece si el botón Cmdeshacer está habilitado o no lo está.</para>
	</summary>
	<value>Valor booleano a asignar.</value>
	<returns>devuelve un valor booleano indicando si está habilitado o no lo está.</returns>
	<remarks></remarks>
</member><member name="P:BarraSurf.BarraSurf.HabilCmdEliminar">
	<summary>
 Propiedad HabilCmdEliminar
 <para>Obtiene o establece si el botón CmdEliminar está habilitado o no lo está.</para>
	</summary>
	<value>Valor booleano a asignar.</value>
	<returns>devuelve un valor booleano indicando si está habilitado o no lo está.</returns>
	<remarks></remarks>
</member><member name="P:BarraSurf.BarraSurf.HabilCmdNuevo">
	<summary>
 Propiedad HabilCmdNuevo.
 <para>Obtiene o establece si el botón CmdNuevo está habilitado o no lo está.</para>
	</summary>
	<value>Valor booleano a asignar.</value>
	<returns>devuelve un valor booleano indicando si está habilitado o no lo está.</returns>
	<remarks></remarks>
</member><member name="P:BarraSurf.BarraSurf.HabilCmdUltimo">
	<summary>
 Propiedad HabilCmdUltimo.
 <para>Obtiene o establece si el botón CmdUltimo está habilitado o no lo está.</para>
	</summary>
	<value>Valor booleano a asignar.</value>
	<returns>devuelve un valor booleano indicando si está habilitado o no lo está.</returns>
	<remarks></remarks>
</member><member name="P:BarraSurf.BarraSurf.HabilCmdSiguiente">
	<summary>
 Propiedad HabilCmdSiguiente.
 <para>Obtiene o establece si el botón CmdSiguiente está habilitado o no lo está.</para>
	</summary>
	<value>Valor booleano a asignar.</value>
	<returns>devuelve un valor booleano indicando si está habilitado o no lo está.</returns>
	<remarks></remarks>
</member><member name="P:BarraSurf.BarraSurf.HabilCmdAnterior">
	<summary>
 Propiedad HabilCmdAnterior.
 <para>Obtiene o establece si el botón CmdAnterior está habilitado o no lo está.</para>
	</summary>
	<value>Valor booleano a asignar.</value>
	<returns>devuelve un valor booleano indicando si está habilitado o no lo está.</returns>
	<remarks></remarks>
</member><member name="P:BarraSurf.BarraSurf.HabilCmdPrimero">
	<summary>
 Propiedad HabilCmdPrimero.
 <para>Obtiene o establece si el botón CmdPrimero está habilitado o no lo está.</para>
	</summary>
	<value>Valor booleano a asignar.</value>
	<returns>devuelve un valor booleano indicando si está habilitado o no lo está.</returns>
	<remarks></remarks>
</member><member name="M:BarraSurf.BarraSurf.CmdPrimero_Click(System.Object,System.EventArgs)">
	<summary>
 Private Sub CmdPrimero_Click()
 </summary>
	<param name="sender">parámetro de tipo System.Object, que hace referencia al objeto button CmdPrimero</param>
	<param name="e">parámetro de tipo System.EventArgs</param>
	<remarks>Procedimiento que se activa al hacer click en el botón de Ir al primero
 Esta rutina permite visualizar el primer registro de la tabla.</remarks>
</member><member name="M:BarraSurf.BarraSurf.CmdAnterior_Click(System.Object,System.EventArgs)">
	<summary>
 Private Sub CmdAnterior_Click().
 </summary>
	<param name="sender">Parámetro de tipo System.Object, que hace referencia al objeto button CmdAnterior.</param>
	<param name="e">Parámetro de tipo System.EventArgs.</param>
	<remarks>Procedimiento que se activa al hacer click en el botón de Ir al anterior.</remarks>
</member><member name="M:BarraSurf.BarraSurf.CmdSiguiente_Click(System.Object,System.EventArgs)">
	<summary>
 Private Sub CmdSiguiente_Click()
 </summary>
	<param name="sender">Parámetro de tipo System.Object, que hace referencia al objeto button CmdSiguiente</param>
	<param name="e">Parámetro de tipo System.EventArgs</param>
	<remarks>Procedimiento que se activa al hacer click en el botón de Ir al Siguiente</remarks>
</member><member name="M:BarraSurf.BarraSurf.CmdUltimo_Click(System.Object,System.EventArgs)">
	<summary>
 Private Sub CmdUltimo_Click()
 </summary>
	<param name="sender">Parámetro de tipo System.Object, que hace referencia al objeto button CmdUltimo</param>
	<param name="e">Parámetro de tipo System.EventArgs</param>
	<remarks>Procedimiento que se activa al hacer click en el botón de Ir al Ultimo</remarks>
</member><member name="M:BarraSurf.BarraSurf.CmdNuevo_Click(System.Object,System.EventArgs)">
	<summary>
 Private Sub CmdNuevo_Click()
 </summary>
	<param name="sender">Parámetro de tipo System.Object, que hace referencia al objeto button CmdNuevo.</param>
	<param name="e">Parámetro de tipo System.EventArgs</param>
	<remarks>Procedimiento que se activa al hacer click en el botón de Nuevo Registro</remarks>
</member><member name="M:BarraSurf.BarraSurf.CmdEliminar_Click(System.Object,System.EventArgs)">
	<summary>
 Private Sub CmdEliminar_Click()
 </summary>
	<param name="sender">Parámetro de tipo System.Object, que hace referencia al objeto button CmdEliminar.</param>
	<param name="e">Parámetro de tipo System.EventArgs</param>
	<remarks>Procedimiento que se activa al hacer click en el botón de eliminar el registro activo</remarks>
</member><member name="M:BarraSurf.BarraSurf.Cmdeshacer_Click(System.Object,System.EventArgs)">
	<summary>
 Private Sub Cmddeshacer_Click(). 
 <para>Este procedimiento cancela la edición del registro actual.</para>
	</summary>
	<param name="sender">parámetro que hace referencia al objeto que disparó el evento click</param>
	<param name="e">parámetro de tipo System.EventArgs</param>
	<remarks>Este procedimiento cancela la edición del registro actual. Si el usuario está escribiendo un registro nuevo o editando uno viejo
 puede pulsar este botón para deshacer los cambios.</remarks>
</member><member name="M:BarraSurf.BarraSurf.CmdActualizar_Click(System.Object,System.EventArgs)">
	<summary>
 Private Sub CmdActualizar_Click()
 </summary>
	<param name="sender">Parámetro de tipo System.Object, que hace referencia al objeto button CmdActualizar.</param>
	<param name="e">Parámetro de tipo System.EventArgs</param>
	<remarks>Procedimiento que se activa al hacer click en le botón de Guardar cambios.
 Se dispara el evento actualizar con el valor false como parámetro.</remarks>
</member><member name="M:BarraSurf.BarraSurf.CmdSalir_Click(System.Object,System.EventArgs)">
	<summary>
 Private Sub CmdSalir_Click()
 </summary>
	<param name="sender">Parámetro de tipo System.Object, que hace referencia al objeto button CmdSalir.</param>
	<param name="e">Parámetro de tipo System.EventArgs</param>
	<remarks>Procedimiento que se activa al hacer click en el botón de Salir.
 Se dispara el evento actualizar con el valor true como parámetro.</remarks>
</member><member name="M:BarraSurf.BarraSurf.Habilitar(System.Boolean)">
	<summary>
 Habilitar(). 
 <para>Procedimiento que habilita o deshabilita la botonera</para>
	</summary>
	<param name="H">parámetro de tipo booleano.</param>
	<remarks>Procedimiento que habilita (H igual a true) o deshabilita (H igual a false) 
 los botones siguientes: anterior, siguiente, primero y último.</remarks>
</member><member name="M:BarraSurf.BarraSurf.VerRegActual(System.Windows.Forms.BindingManagerBase)">
	<summary>
 VerRegActual. Método privado
 </summary>
	<param name="binding">parámetro que hace referencia al gestor de controles enlazados a bases de datos del formulario<see cref="T:System.Windows.Forms.Binding">Binding</see></param>
	<remarks>Método para visualizar el número de registro que se está
 visualizando actualmente.</remarks>
</member><member name="E:BarraSurf.BarraSurf.actualizar">
	<summary>
 Evento actualizar().
 </summary>
	<param name="S">parámetro de tipo booleano. Si es true se cerrará el formulario y si es false no se cerrará el formulario</param>
	<remarks>Evento que actualiza el dataset. El desarrollador deberá escribir aquí las rutinas de actualización de la BD que le convengan.</remarks>
</member><member name="E:BarraSurf.BarraSurf.NuevoRegistro">
	<summary>
 Evento NuevoRegistro()
 </summary>
	<remarks>Evento que se dispara al crearse un nuevo registro. 
 El desarrollador puede poner aquí las reglas de negocio que quiera que se ejecuten cuando se crea un nuevo registro. </remarks>
</member><member name="E:BarraSurf.BarraSurf.DeshacerRegistro">
	<summary>
 Evento DeshacerRegistro()
 </summary>
	<remarks>Evento que se dispara al deshacerse el registro. <seealso cref="M:BarraSurf.BarraSurf.Cmdeshacer_Click(System.Object,System.EventArgs)"></seealso>
 El desarrollador puede poner aquí las reglas de negocio que quiera que se ejecuten cuando se crea un nuevo registro.</remarks>
</member><member name="E:BarraSurf.BarraSurf.EliminarRegistro">
	<summary>
 Evento EliminarRegistro()
 </summary>
	<remarks>Evento que se dispara al eliminar el registro.
 El desarrollador puede poner aquí las reglas de negocio que quiera que se ejecuten cuando se elimina un registro.</remarks>
</member><member name="E:BarraSurf.BarraSurf.AntesdeEliminar">
	<summary>
 Evento AntesdeEliminar()
 </summary>
	<remarks>Evento que se dispara al eliminar el registro.
 El desarrollador puede poner aquí las reglas de negocio que quiera que se ejecuten justo antes de eliminar un registro.</remarks>
</member><member name="E:BarraSurf.BarraSurf.AntesdeDeshacer">
	<summary>
 Evento AntesdeDeshacer()
 </summary>
	<remarks>Evento que se dispara al deshacer un registro.
 El desarrollador puede poner aquí las reglas de negocio que quiera que se ejecuten justo antes de deshacer la edición de un registro.</remarks>
</member><member name="E:BarraSurf.BarraSurf.AntesdeNuevoRegistro">
	<summary>
 Evento AntesdeNuevoRegistro()
 </summary>
	<remarks>Evento que se dispara al crear un nuevo registro.
 El desarrollador puede poner aquí las reglas de negocio que quiera que se ejecuten justo antes de crear un nuevo registro.</remarks>
</member>
</members>
</doc>