﻿<?xml version="1.0"?>
<doc>
<assembly>
<name>
GGuarderia
</name>
</assembly>
<members>
<member name="M:GGuarderia.FrmRecibos.CmdCancelar_Click(System.Object,System.EventArgs)">
	<summary>
 CmdCancelar_Click().
 </summary>
	<param name="sender">variable de tipo System.Object, hace referencia al objeto que dispara el evento</param>
	<param name="e">variable de tipo System.EventArgs, sirve para pasarle argumentos al procedimiento</param>
	<remarks>Método privado de evento que se ejecuta al dispararse el evento OnClick() del objeto botón CmdCancelar
 <para>Este procedimiento cierra la ventana al pulsar el boton CmdCancelar</para></remarks>
</member><member name="M:GGuarderia.FrmRecibos.CmdAceptar_Click(System.Object,System.EventArgs)">
	<summary>
 CmdAceptar_Click()
 </summary>
	<param name="sender">variable de tipo System.Object, hace referencia al objeto que dispara el evento</param>
	<param name="e">variable de tipo System.EventArgs, sirve para pasarle argumentos al procedimiento</param>
	<remarks>Método privado de evento que se ejecuta al dispararse el evento Onclick() del objeto de tipo Button llamado CmdAceptar.
 <para>Este procedimiento, abre o crea un recibo según la opción seleccionada por el usuario</para></remarks>
</member><member name="T:GGuarderia.FrmRecibos">
	<summary>
 Public Class FrmRecibos.
 </summary>
	<remarks>Clase pública de tipo windows forms utilizada para crear recibos.</remarks>
</member><member name="F:GGuarderia.FFacturas.conexion">
	<summary>
 conexion. Variable privada de la clase FFacturas
 </summary>
	<remarks>Variable privada de tipo Component1. Este objeto sirve para manejar la base de datos.</remarks>
</member><member name="M:GGuarderia.FFacturas.FFacturas_Closing(System.Object,System.ComponentModel.CancelEventArgs)">
	<summary>
 FFacturas_Closing()
 </summary>
	<param name="sender">variable de tipo System.Object, hace referencia al objeto que dispara el evento</param>
	<param name="e">variable de tipo System.EventArgs, sirve para pasarle argumentos al procedimiento</param>
	<remarks>Método privado de evento de la clase FFacturas que se ejecuta al dispararse el evento OnClosing del objeto FFacturas
 <para>Este método, cuando se cierra la ventana, realiza una actualización de la tabla de facturas de la base de datos y luego
 habilita la botonera y la opción de menú correspondiente a la gestión de facturas. </para></remarks>
</member><member name="M:GGuarderia.FFacturas.FFacturas_Load(System.Object,System.EventArgs)">
	<summary>
 FFacturas_Load()
 </summary>
	<param name="sender">variable de tipo System.Object, hace referencia al objeto que dispara el evento</param>
	<param name="e">variable de tipo System.EventArgs, sirve para pasarle argumentos al procedimiento</param>
	<remarks>Método privado de evento de la clase FFacturas que se ejecuta al dispararse el evento OnLoad() del objeto FFacturas.
 <para>Este método, cuando se abre la ventana, se conecta a la base de datos para recuperar la tabla de facturación y asignarlos a los controles del formulario</para>
		<para>También hace una llamada al método <see cref="M:GGuarderia.FFacturas.CalcularTotales">CalcularTotales()</see></para></remarks>
</member><member name="M:GGuarderia.FFacturas.CalcularTotales">
	<summary>
 CalcularTotales()
 </summary>
	<remarks>Método privado de la clase FFacturas. Este método calcula los totales de
 beneficios, gastos e importes y los muestra en unos textboxs.</remarks>
</member><member name="M:GGuarderia.FFacturas.CmdCerrar_Click(System.Object,System.EventArgs)">
	<summary>
 CmdCerrar_Click()
 </summary>
	<param name="sender">variable de tipo System.Object, hace referencia al objeto que dispara el evento</param>
	<param name="e">variable de tipo System.EventArgs, sirve para pasarle argumentos al procedimiento</param>
	<remarks>Método privado de evento del objeto CmdCerrar, que se ejecuta al dispararse el evento Onclick().
 <para>Este método cierra la ventana de gestión de facturas FFacturas.</para></remarks>
</member><member name="M:GGuarderia.FFacturas.CmdBuscar_Click(System.Object,System.EventArgs)">
	<summary>
 CmdBuscar_Click()
 </summary>
	<param name="sender">variable de tipo System.Object, hace referencia al objeto que dispara el evento</param>
	<param name="e">variable de tipo System.EventArgs, sirve para pasarle argumentos al procedimiento</param>
	<remarks>Método privado de evento del objeto CmdBuscar, que se ejecuta al dispararse el evento OnClick().
 <para>Este método filtra el datagrid de visionado de facturas según los valores que contengan los textboxs, del formulario.</para></remarks>
</member><member name="T:GGuarderia.FFacturas">
	<summary>
 Public Class FFacturas()
 </summary>
	<remarks>Clase pública FFacturas de tipo Windows Forms</remarks>
</member><member name="F:GGuarderia.FVehiculos.conexion">
	<summary>
 conexion. Objeto de tipo Component1
 </summary>
	<remarks>Este objeto sirve para manejar la base de datos.</remarks>
</member><member name="F:GGuarderia.FVehiculos.OpcionVe">
	<summary>
 OpcionVe. Variable de tipo Short.
 </summary>
	<remarks>Esta variable de tipo short y de ámbito de clase sirve para guardar el tipo de filtrado por el que se quiere hacer la búsqueda de vehículos.</remarks>
</member><member name="M:GGuarderia.FVehiculos.FVehiculos_Closing(System.Object,System.ComponentModel.CancelEventArgs)">
	<summary>
 FVehiculos_Closing()
 </summary>
	<param name="sender">variable de tipo System.Object, hace referencia al objeto que dispara el evento</param>
	<param name="e">variable de tipo System.EventArgs, sirve para pasarle argumentos al procedimiento</param>
	<remarks>Método privado de evento que se ejecuta la dispararse el evento OnClosing de la clase/ventana FVehiculos.
 <para>Este método habilita la opción de menú y de la botonera de la ventana padre de FVehículos.</para></remarks>
</member><member name="M:GGuarderia.FVehiculos.FVehiculos_Load(System.Object,System.EventArgs)">
	<summary>
 FVehículos_Load()
 </summary>
	<param name="sender">variable de tipo System.Object, hace referencia al objeto que dispara el evento</param>
	<param name="e">variable de tipo System.EventArgs, sirve para pasarle argumentos al procedimiento</param>
	<remarks>Método privado de evento que se ejecuta al dispararse el evento Onload() de la ventana/clase FVehiculos.
 <para>Este método, al abrir la ventana, se conecta con la base de datos y recupera la información de la tabla de Vehículos y la asigna a los controles de la ventana.</para></remarks>
</member><member name="M:GGuarderia.FVehiculos.BuscarVehiculo">
	<summary>
 BuscarVehiculo()
 </summary>
	<remarks>Método privado de la clase FVehículos que sirve para buscar vehículos.
 <para>Si hay algo escrito llama al método <see cref="M:GGuarderia.FVehiculos.OpcionVehiculos(System.Int16@)">OpcionVehículos()</see> para que se realice el filtrado de búsqueda. 
 Si no hay algo escrito se advierte al usuario.</para></remarks>
</member><member name="M:GGuarderia.FVehiculos.OpcionVehiculos(System.Int16@)">
	<summary>
 OpcionVehiculos()
 </summary>
	<param name="Opc2">parámetro de tipo Short que indica el tipo de filtrado a ejecutar</param>
	<remarks>Método privado de la clase FVehículos que sirve para filtrar el datatable de vehículos según el
 valor del parámetro <paramref name="Opc2">Opc2</paramref></remarks>
</member><member name="M:GGuarderia.FVehiculos.txtFiltro_KeyPress(System.Object,System.Windows.Forms.KeyPressEventArgs)">
	<summary>
 txtFiltro_KeyPress()
 </summary>
	<param name="sender">variable de tipo System.Object, hace referencia al objeto que dispara el evento</param>
	<param name="e">variable de tipo System.EventArgs, sirve para pasarle argumentos al procedimiento</param>
	<remarks>Método privado de evento que se ejecuta al dispararse el evento KeyPress() del objeto txtFiltro.
 <para>Este método sirve para controlar la pulsación de la tecla Intro. Si la pulsa y hay algo escrito se realiza la búsqueda del vehículo.</para></remarks>
</member><member name="M:GGuarderia.FVehiculos.CmdBuscarVe_Click(System.Object,System.EventArgs)">
	<summary>
 CmdBuscarVe_Click()
 </summary>
	<param name="sender">variable de tipo System.Object, hace referencia al objeto que dispara el evento</param>
	<param name="e">variable de tipo System.EventArgs, sirve para pasarle argumentos al procedimiento</param>
	<remarks>Método privado de evento que se ejecuta al dispararse el evento OnClick() del objeto CmdBuscarVe.
 <para>Este método realiza la búsqueda del vehículo. Se hace una llamada al método <see cref="M:GGuarderia.FVehiculos.BuscarVehiculo">BuscarVehiculo()</see></para></remarks>
</member><member name="M:GGuarderia.FVehiculos.RBMarcaVe_CheckedChanged(System.Object,System.EventArgs)">
	<summary>
 RBMarcaVe_CheckedChanged()
 </summary>
	<param name="sender">variable de tipo System.Object, hace referencia al objeto que dispara el evento</param>
	<param name="e">variable de tipo System.EventArgs, sirve para pasarle argumentos al procedimiento</param>
	<remarks>Método privado de evento que se ejecuta al dispararse el evento OnChecked() del objeto RBMarcaVe.
 <para>Cuando se selecciona el radiobutton RBMarcaVe se establece el valor de la variable <see cref="F:GGuarderia.FVehiculos.OpcionVe">OpcionVe</see>a uno 
 lo que significa que se quiere realizar una búsqueda por marca.</para></remarks>
</member><member name="M:GGuarderia.FVehiculos.RBModeloVe_CheckedChanged(System.Object,System.EventArgs)">
	<summary>
 RBModeloVe_CheckedChanged()
 </summary>
	<param name="sender">variable de tipo System.Object, hace referencia al objeto que dispara el evento</param>
	<param name="e">variable de tipo System.EventArgs, sirve para pasarle argumentos al procedimiento</param>
	<remarks>Método privado de evento que se ejecuta al dispararse el evento OnChecked() del objeto RBModeloVe.
 <para>Cuando se selecciona el radiobutton RBModeloVe se establece el valor de la variable <see cref="F:GGuarderia.FVehiculos.OpcionVe">OpcionVe</see>a dos 
 lo que significa que se quiere realizar una búsqueda por Modelo.</para></remarks>
</member><member name="M:GGuarderia.FVehiculos.RBMatriVe_CheckedChanged(System.Object,System.EventArgs)">
	<summary>
 RBMatriVe_CheckedChanged()
 </summary>
	<param name="sender">variable de tipo System.Object, hace referencia al objeto que dispara el evento</param>
	<param name="e">variable de tipo System.EventArgs, sirve para pasarle argumentos al procedimiento</param>
	<remarks>Cuando se selecciona el radiobutton RBMatriVe se establece el valor de la variable <see cref="F:GGuarderia.FVehiculos.OpcionVe">OpcionVe</see>a tres 
 lo que significa que se quiere realizar una búsqueda por matricula.</remarks>
</member><member name="M:GGuarderia.FVehiculos.RBPlazaVe_CheckedChanged(System.Object,System.EventArgs)">
	<summary>
 RBPlazaVe_CheckedChanged()
 </summary>
	<param name="sender">variable de tipo System.Object, hace referencia al objeto que dispara el evento</param>
	<param name="e">variable de tipo System.EventArgs, sirve para pasarle argumentos al procedimiento</param>
	<remarks>Cuando se selecciona el radiobutton RBPlazaVe se establece el valor de la variable <see cref="F:GGuarderia.FVehiculos.OpcionVe">OpcionVe</see>a cinco 
 lo que significa que se quiere realizar una búsqueda por número de plaza.</remarks>
</member><member name="M:GGuarderia.FVehiculos.BarraVehiculos_actualizar(System.Boolean)">
	<summary>
 BarraVehiculos_actualizar()
 </summary>
	<param name="S">variable de tipo boolean. True o false</param>
	<remarks>Método privado de evento que se ejecuta al dispararse el evento de actualización de la barra de navegación BarraVehiculos.
 <para>Este método realiza un update sobre la tabla de clientes y si el parámetro pasado es true, significa que se quiere cerrar la ventana.</para></remarks>
</member><member name="F:GGuarderia.FCobros.conexion">
	<summary>
 conexion. variable de tipo Component1
 </summary>
	<remarks>Esta variable de objeto es usada para manejar la base de datos guardada en un dataset</remarks>
</member><member name="F:GGuarderia.FCobros.FacturaClon">
	<summary>
 FacturaClon. Variable de tipo DataTable
 </summary>
	<remarks>Esta variable la utilizo para guardar las facturas cobradas, ya que divido la tabla de facturas en facturas sin cobrar y facturas cobradas.</remarks>
</member><member name="M:GGuarderia.FCobros.FCobros_Closing(System.Object,System.ComponentModel.CancelEventArgs)">
	<summary>
 FCobros_Closing()
 </summary>
	<param name="sender">variable de tipo System.Object, hace referencia al objeto que dispara el evento</param>
	<param name="e">variable de tipo System.EventArgs, sirve para pasarle argumentos al procedimiento</param>
	<remarks>Método privado de evento que se ejecuta al dispararse el evento Onclosing de la clase FCobros.
 <para>Este método habilita la opción de menú de cobros y su correspondiente en la botonera, justo mientras se cierra la ventana.</para></remarks>
</member><member name="M:GGuarderia.FCobros.FCobros_Load(System.Object,System.EventArgs)">
	<summary>
 FCobros_Load()
 </summary>
	<param name="sender">variable de tipo System.Object, hace referencia al objeto que dispara el evento</param>
	<param name="e">variable de tipo System.EventArgs, sirve para pasarle argumentos al procedimiento</param>
	<remarks>Método privado de evento que se ejecuta al dispararse el evento Onload() de la clase FCobros.
 <para>Este método carga la tabla de facturas de la base de datos y la asocia con los controles del formulario. También hace una llamada al método
 <see cref="M:GGuarderia.FCobros.ClonarFacturas(System.Data.DataTable)">ClonarFacturas</see>.</para></remarks>
</member><member name="M:GGuarderia.FCobros.Chbscobros_CheckedChanged(System.Object,System.EventArgs)">
	<summary>
 chbscobros_CheckedChanged()
 </summary>
	<param name="sender">variable de tipo System.Object, hace referencia al objeto que dispara el evento</param>
	<param name="e">variable de tipo System.EventArgs, sirve para pasarle argumentos al procedimiento</param>
	<remarks>Método privado de evento del objeto Chbscobros. Se ejecuta al dispararse el evento OnChanged() de un objeto Checkbox.
 <para>Este método visualiza las facturas sin cobrar (o deudas) mediante un filtrado de la tabla de facturación del dataset.</para></remarks>
</member><member name="M:GGuarderia.FCobros.Chbcobros_CheckedChanged(System.Object,System.EventArgs)">
	<summary>
 Chbcobros_CheckedChanged()
 </summary>
	<param name="sender">variable de tipo System.Object, hace referencia al objeto que dispara el evento</param>
	<param name="e">variable de tipo System.EventArgs, sirve para pasarle argumentos al procedimiento</param>
	<remarks>Método privado de evento del objeto Chbcobros. Se ejecuta al dispararse el evento OnChanged() de un objeto Checkbox.
 <para>Este método visualiza las facturas sin cobrar (o deudas) mediante un filtrado de la tabla de facturación del dataset</para>
		<para>Se utiliza la variable <see cref="F:GGuarderia.FCobros.FacturaClon">FacturaClon</see> como fuente de datos del datagrid.</para></remarks>
</member><member name="M:GGuarderia.FCobros.CmdCerrar_Click(System.Object,System.EventArgs)">
	<summary>
 CmdCerrar_Click()
 </summary>
	<param name="sender">variable de tipo System.Object, hace referencia al objeto que dispara el evento</param>
	<param name="e">variable de tipo System.EventArgs, sirve para pasarle argumentos al procedimiento</param>
	<remarks>Método privado de evento del objeto CmdCerrar. Se ejecuta al dispararse el evento OnClick() de un objeto Button.
 <para>Este método cierra la ventana de Cobros.</para></remarks>
</member><member name="M:GGuarderia.FCobros.ClonarFacturas(System.Data.DataTable)">
	<summary>
 ClonarFacturas()
 </summary>
	<param name="tabla">Parámetro de tipo DataTable. Guarda la tabla que se quiere copiar</param>
	<remarks>Este método privado de la clase FCobros realiza una copia de la tabla de facturas en la variable <see cref="F:GGuarderia.FCobros.FacturaClon">FacturaClon</see></remarks>
</member><member name="T:GGuarderia.FCobros">
	<summary>
 Public Class FCobros
 </summary>
	<remarks>Clase pública de tipo Windows Forms para gestionar las facturas cobradas</remarks>
</member><member name="T:GGuarderia.DataSet1.CompaDataTable">
	<summary>
Represents the strongly named DataTable class.
</summary>
</member><member name="T:GGuarderia.DataSet1.CLIENTESDataTable">
	<summary>
Represents the strongly named DataTable class.
</summary>
</member><member name="T:GGuarderia.DataSet1.FACTURACIONDataTable">
	<summary>
Represents the strongly named DataTable class.
</summary>
</member><member name="T:GGuarderia.DataSet1.GASTOSDataTable">
	<summary>
Represents the strongly named DataTable class.
</summary>
</member><member name="T:GGuarderia.DataSet1.HISTORYDataTable">
	<summary>
Represents the strongly named DataTable class.
</summary>
</member><member name="T:GGuarderia.DataSet1.INGRESOSDataTable">
	<summary>
Represents the strongly named DataTable class.
</summary>
</member><member name="T:GGuarderia.DataSet1.OpcionesDataTable">
	<summary>
Represents the strongly named DataTable class.
</summary>
</member><member name="T:GGuarderia.DataSet1.PLAZASDataTable">
	<summary>
Represents the strongly named DataTable class.
</summary>
</member><member name="T:GGuarderia.DataSet1.RECIBOSDataTable">
	<summary>
Represents the strongly named DataTable class.
</summary>
</member><member name="T:GGuarderia.DataSet1.CompaRow">
	<summary>
Represents strongly named DataRow class.
</summary>
</member><member name="T:GGuarderia.DataSet1.CLIENTESRow">
	<summary>
Represents strongly named DataRow class.
</summary>
</member><member name="T:GGuarderia.DataSet1.FACTURACIONRow">
	<summary>
Represents strongly named DataRow class.
</summary>
</member><member name="T:GGuarderia.DataSet1.GASTOSRow">
	<summary>
Represents strongly named DataRow class.
</summary>
</member><member name="T:GGuarderia.DataSet1.HISTORYRow">
	<summary>
Represents strongly named DataRow class.
</summary>
</member><member name="T:GGuarderia.DataSet1.INGRESOSRow">
	<summary>
Represents strongly named DataRow class.
</summary>
</member><member name="T:GGuarderia.DataSet1.OpcionesRow">
	<summary>
Represents strongly named DataRow class.
</summary>
</member><member name="T:GGuarderia.DataSet1.PLAZASRow">
	<summary>
Represents strongly named DataRow class.
</summary>
</member><member name="T:GGuarderia.DataSet1.RECIBOSRow">
	<summary>
Represents strongly named DataRow class.
</summary>
</member><member name="T:GGuarderia.DataSet1.CompaRowChangeEvent">
	<summary>
Row event argument class
</summary>
</member><member name="T:GGuarderia.DataSet1.CLIENTESRowChangeEvent">
	<summary>
Row event argument class
</summary>
</member><member name="T:GGuarderia.DataSet1.FACTURACIONRowChangeEvent">
	<summary>
Row event argument class
</summary>
</member><member name="T:GGuarderia.DataSet1.GASTOSRowChangeEvent">
	<summary>
Row event argument class
</summary>
</member><member name="T:GGuarderia.DataSet1.HISTORYRowChangeEvent">
	<summary>
Row event argument class
</summary>
</member><member name="T:GGuarderia.DataSet1.INGRESOSRowChangeEvent">
	<summary>
Row event argument class
</summary>
</member><member name="T:GGuarderia.DataSet1.OpcionesRowChangeEvent">
	<summary>
Row event argument class
</summary>
</member><member name="T:GGuarderia.DataSet1.PLAZASRowChangeEvent">
	<summary>
Row event argument class
</summary>
</member><member name="T:GGuarderia.DataSet1.RECIBOSRowChangeEvent">
	<summary>
Row event argument class
</summary>
</member><member name="T:GGuarderia.DataSet1">
	<summary>
Represents a strongly typed in-memory cache of data.
</summary>
</member><member name="T:GGuarderia.DataSet1TableAdapters.CompaTableAdapter">
	<summary>
Represents the connection and commands used to retrieve and save data.
</summary>
</member><member name="F:GGuarderia.FInformes.conexion">
	<summary>
 conexion. Objeto de tipo Component1
 </summary>
	<remarks>Variable de objeto de tipo Component1, de ámbito de clase utilizada para manejar la base de datos.</remarks>
</member><member name="F:GGuarderia.FInformes.report">
	<summary>
 report.
 </summary>
	<remarks>variable de ámbito de clase de tipo ReportDocument, 
 utilizada para manejar los informes de Cristal Reports usados por la aplicación.</remarks>
</member><member name="M:GGuarderia.FInformes.FInformes_Closing(System.Object,System.ComponentModel.CancelEventArgs)">
	<summary>
 FInformes_Closing()
 </summary>
	<param name="sender">variable de tipo System.Object, hace referencia al objeto que dispara el evento</param>
	<param name="e">variable de tipo System.EventArgs, sirve para pasarle argumentos al procedimiento</param>
	<remarks>Método privado de evento del objeto FInformes, que se ejecuta al dispararse el evento OnClosing.
 <para>Este método, cuando se cierra la ventana, habilita la botonera y la opción de menú que corresponde.</para></remarks>
</member><member name="M:GGuarderia.FInformes.FInformes_Load(System.Object,System.EventArgs)">
	<summary>
 FInformes_Load()
 </summary>
	<param name="sender">variable de tipo System.Object, hace referencia al objeto que dispara el evento</param>
	<param name="e">variable de tipo System.EventArgs, sirve para pasarle argumentos al procedimiento</param>
	<remarks>Método privado de evento del objeto FInformes, que se ejecuta al dispararse el evento OnLoad().
 <para>Este método, cuando se abre la ventana, carga en memoria la base de datos y la asocia con los controles del formulario.</para></remarks>
</member><member name="M:GGuarderia.FInformes.CmdCerrarInforme_Click(System.Object,System.EventArgs)">
	<summary>
 CmdCerrarInforme_Click()
 </summary>
	<param name="sender">variable de tipo System.Object, hace referencia al objeto que dispara el evento</param>
	<param name="e">variable de tipo System.EventArgs, sirve para pasarle argumentos al procedimiento</param>
	<remarks>Método privado de evento del objeto CmdCerrarInformes, que se ejecuta al dispararse el evento OnClick().
 <para>Este método hace lo mismo que el método <see cref="M:GGuarderia.FInformes.FInformes_Closing(System.Object,System.ComponentModel.CancelEventArgs)">FInformes_Closing()</see></para></remarks>
</member><member name="M:GGuarderia.FInformes.ComboInfo_SelectedIndexChanged(System.Object,System.EventArgs)">
	<summary>
 ComboInfo_SelectedIndexChanged()
 </summary>
	<param name="sender">variable de tipo System.Object, hace referencia al objeto que dispara el evento</param>
	<param name="e">variable de tipo System.EventArgs, sirve para pasarle argumentos al procedimiento</param>
	<remarks>Método privado de evento del objeto ComboInfo, que se ejecuta al dispararse el evento OnIndexChanged().
 <para>Este método, cuando se selecciona una opción del desplegable, se muestra el informe determinado que le corresponda</para></remarks>
</member><member name="T:GGuarderia.FInformes">
	<summary>
 Public Class FInformes()
 </summary>
	<remarks>Clase pública FInformes, de tipo Windows Forms utilizada para visualizar los informes de la aplicación.</remarks>
</member><member name="F:GGuarderia.FrmOpcion.opcion">
	<summary>
 opcion. Objeto de tipo Component1()
 </summary>
	<remarks>Este objeto sirve para manejar la base de datos.</remarks>
</member><member name="M:GGuarderia.FrmOpcion.BAceptar_Click(System.Object,System.EventArgs)">
	<summary>
 BAceptar_Click()
 </summary>
	<param name="sender">variable de tipo System.Object, hace referencia al objeto que dispara el evento</param>
	<param name="e">variable de tipo System.EventArgs, sirve para pasarle argumentos al procedimiento</param>
	<remarks>Método privado de evento que se ejecuta al dispararse el evento Onclick() del objeto de button BAceptar.
 <para>Este procedimiento guarda los valores introducidos en los textboxs en la tabla Opciones de la base de datos.</para></remarks>
</member><member name="M:GGuarderia.FrmOpcion.BCancelar_Click(System.Object,System.EventArgs)">
	<summary>
 BCancelar_Click()
 </summary>
	<param name="sender">variable de tipo System.Object, hace referencia al objeto que dispara el evento</param>
	<param name="e">variable de tipo System.EventArgs, sirve para pasarle argumentos al procedimiento</param>
	<remarks>Método privado de evento que se ejecuta al dispararse el evento OnClick() del objeto button BCancelar.
 <para>Este procedimiento cierra la ventana.</para></remarks>
</member><member name="M:GGuarderia.FrmOpcion.FrmOpcion_Load(System.Object,System.EventArgs)">
	<summary>
 FrmOpcion_Load().
 </summary>
	<param name="sender">variable de tipo System.Object, hace referencia al objeto que dispara el evento</param>
	<param name="e">variable de tipo System.EventArgs, sirve para pasarle argumentos al procedimiento</param>
	<remarks>Método privado de evento que se ejecuta al dispararse el evento OnLoad() del formulario FrmOpcion.
 <para>Este procedimiento se encarga de darle valores a los textboxs cuando se abre la ventana. Para ello optiene los valores de la tabla Opciones de la base de datos.</para></remarks>
</member><member name="M:GGuarderia.FrmOpcion.FrmOpcion_Closing(System.Object,System.ComponentModel.CancelEventArgs)">
	<summary>
 FrmOpcion_Closing()
 </summary>
	<param name="sender">variable de tipo System.Object, hace referencia al objeto que dispara el evento</param>
	<param name="e">variable de tipo System.EventArgs, sirve para pasarle argumentos al procedimiento</param>
	<remarks>Método privado de evento que se ejecuta al dispararse el evento OnClosing del formulario FrmOpcion.
 <para>Este procedimiento habilita el botón y la opción de menú de opciones de la ventana padre cuando se cierra el formulario.</para></remarks>
</member><member name="M:GGuarderia.FrmOpcion.cargarvaropciones(System.String[])">
	<summary>
 cargarvaropciones()
 </summary>
	<param name="opcion">Variable de tipo array de String para almacenar los valores de los texboxs. Tiene 3 espacios de longitud.</param>
	<remarks>Método privado para almacenar los valores del array <see cref="F:GGuarderia.FrmOpcion.opcion">opcion</see> en las variables globales de la aplicación Viva, Vdolar y Vplazas
 <para>Este procedimiento es llamado desde el método <see cref="M:GGuarderia.FrmOpcion.FrmOpcion_Load(System.Object,System.EventArgs)">FrmOpcion_Load()</see></para></remarks>
</member><member name="T:GGuarderia.FrmOpcion">
	<summary>
 Public Class FrmOpcion
 </summary>
	<remarks>Clase pública de tipo Windows Forms. Muestra una ventana de Opciones
 <para>Sirve para configurar algunos valores de la aplicación como son el IVA, las plazas de garaje y el valor del dolar</para></remarks>
</member><member name="M:GGuarderia.FRegistro.CmdAceptar_Click(System.Object,System.EventArgs)">
	<summary>
 CmdAceptar_Click()
 </summary>
	<param name="sender">variable de tipo System.Object, hace referencia al objeto que dispara el evento</param>
	<param name="e">variable de tipo System.EventArgs, sirve para pasarle argumentos al procedimiento</param>
	<remarks>Método privado de evento que se ejecuta al dispararse el evento OnClick() del objeto button CmdAceptar.
 <para>Este procedimiento comprueba si la clave introducida por el usuario es la correcta</para></remarks>
</member><member name="M:GGuarderia.FRegistro.Comprar">
	<summary>
 Comprar()
 </summary>
	<remarks>Método privado que es llamado por <see cref="M:GGuarderia.FRegistro.CmdAceptar_Click(System.Object,System.EventArgs)">CmdAceptar_Click()</see>.
 <para>Si se ejecuta este procedimiento significa que la clave introducida es correcta y entonces, se borra el archivo "compra.dat".
 Este archivo sirve para comprobar si la aplicación está registrada o no.</para></remarks>
</member><member name="T:GGuarderia.FRegistro">
	<summary>
 Public Class FRegistro().
 </summary>
	<remarks>Clase Pública de tipo windows forms. Sirve para registrar la aplicación, introduciendo una cd-key.</remarks>
</member><member name="M:GGuarderia.Dialog.GrabarDatosEmpresa">
	<summary>
 Protected Sub GrabarDatosEmpresa().
 </summary>
	<remarks>Procedimiento del formulario que graba los datos del usuario en un fichero de texo.</remarks>
</member><member name="M:GGuarderia.Dialog.CancelButton_Renamed_Click(System.Object,System.EventArgs)">
	<summary>
 Private Sub CancelButton_Renamed_Click().
 </summary>
	<param name="sender">variable de tipo System.Object, hace referencia al objeto que dispara el evento</param>
	<param name="e">variable de tipo System.EventArgs, sirve para pasarle argumentos al procedimiento</param>
	<remarks>Procedimiento de evento que se ejecuta al dispararse el evento OnClick del botón CancelButton_Renamed.
 <para>Hace una llamada al procedimiento <see cref="M:GGuarderia.Dialog.GrabarDatosEmpresa">GrabarDatosEmpresa()</see> y cierra la ventana. </para></remarks>
</member><member name="M:GGuarderia.Dialog.OKButton_Click(System.Object,System.EventArgs)">
	<summary>
 Private Sub OKButton_Click().
 </summary>
	<param name="sender">variable de tipo System.Object, hace referencia al objeto que dispara el evento.</param>
	<param name="e">variable de tipo System.EventArgs, sirve para pasarle argumentos al procedimiento.</param>
	<remarks>Procedimiento de evento que se ejecuta al dispararse el evento OnClick del botón OKButton.
 <para>Hace una llamada al procedimiento <see cref="M:GGuarderia.Dialog.GrabarDatosEmpresa">GrabarDatosEmpresa()</see> y cierra el formulario.</para></remarks>
</member><member name="M:GGuarderia.Dialog.TxtDirec_Leave(System.Object,System.EventArgs)">
	<summary>
 Procedimiento de evento que se ejecuta al dispararse el evento OnLeave de los controles Textbox del formulario.
 </summary>
	<param name="sender">variable de tipo System.Object, hace referencia al objeto que dispara el evento.</param>
	<param name="e">variable de tipo System.EventArgs, sirve para pasarle argumentos al procedimiento.</param>
	<remarks>Procedimiento de evento que se ejecuta al dispararse el evento OnLeave de los controles Textbox del formulario.
 <para>Comprueba si los textboxs del formulario tienen información y no están vacíos.</para></remarks>
</member><member name="M:GGuarderia.Dialog.Dialog_Load(System.Object,System.EventArgs)">
	<summary>
 Private Sub Dialog_Load().
 </summary>
	<param name="sender">variable de tipo System.Object, hace referencia al objeto que dispara el evento.</param>
	<param name="e">variable de tipo System.EventArgs, sirve para pasarle argumentos al procedimiento.</param>
	<remarks>Procedimiento de evento que se ejecuta al dispararse el evento OnLoad del formulario.
 <para>Abre un fichero "empresa.txt" y asigna el contenido del fichero a los textboxs del formulario. Al final cierra el fichero.</para></remarks>
</member><member name="T:GGuarderia.Dialog">
	<summary>
 Este formulario sirve para introducir los datos del usuario y así personalizar la aplicación.
 </summary>
	<remarks>Friend Class Dialog.</remarks>
</member><member name="F:GGuarderia.FClientes.OpcionCli">
	<summary>
 OpcionCli. Variable privada de la clase FClientes de tipo Short
 </summary>
	<remarks>Esta variable sirve para saber que opción de filtrado ha seleccionado el usuario</remarks>
</member><member name="F:GGuarderia.FClientes.conexion">
	<summary>
 conexion. Variable privada de la clase FClientes de tipo Component1
 </summary>
	<remarks>Es un objeto para manejar la base de datos.</remarks>
</member><member name="M:GGuarderia.FClientes.OpcionClientes(System.Int16@)">
	<summary>
 OpcionClientes()
 </summary>
	<param name="Opc">variable de tipo Short (un entero corto) que sirve para saber qué tipo de filtrado hay que aplicar</param>
	<remarks>Procedimiento privado que realiza el filtrado de búsqueda mediante la propiedad RowFilter de la tabla de clientes del dataset11.</remarks>
</member><member name="M:GGuarderia.FClientes.RBDNICli_CheckedChanged(System.Object,System.EventArgs)">
	<summary>
 RBDNICli_CheckedChanged().
 </summary>
	<param name="sender">variable de tipo System.Object, hace referencia al objeto que dispara el evento</param>
	<param name="e">variable de tipo System.EventArgs, sirve para pasarle argumentos al procedimiento</param>
	<remarks>Método privado de evento que se ejecuta al dispararse el evento OnChecked del objeto RadioButton llamado RBDNICli.
 <para>Este método establece que la opción de filtrado seleccionada por el usuario es la primera (1) <see cref="F:GGuarderia.FClientes.OpcionCli">Ver OpcionCli</see>. La opción 1 es busqueda por DNI.</para></remarks>
</member><member name="M:GGuarderia.FClientes.RBNombre_CheckedChanged(System.Object,System.EventArgs)">
	<summary>
 RBNombre_CheckedChanged().
 </summary>
	<param name="sender">variable de tipo System.Object, hace referencia al objeto que dispara el evento</param>
	<param name="e">variable de tipo System.EventArgs, sirve para pasarle argumentos al procedimiento</param>
	<remarks>Método privado de evento que se ejecuta al dispararse el evento OnChecked del objeto RadioButton llamado RBNombre.
 <para>Este método establece que la opción de filtrado seleccionada por el usuario es la segunda (2) <see cref="F:GGuarderia.FClientes.OpcionCli">Ver OpcionCli</see>. La opción 2 es búsqueda por Nombre.</para></remarks>
</member><member name="M:GGuarderia.FClientes.RBApellidos_CheckedChanged(System.Object,System.EventArgs)">
	<summary>
 RBApellidos_CheckedChanged().
 </summary>
	<param name="sender">variable de tipo System.Object, hace referencia al objeto que dispara el evento</param>
	<param name="e">variable de tipo System.EventArgs, sirve para pasarle argumentos al procedimiento</param>
	<remarks>Método privado de evento que se ejecuta al dispararse el evento OnChecked del objeto RadioButton llamado RBApellidos.
 <para>Este método establece que la opción de filtrado seleccionada por el usuario es la tercera (3) <see cref="F:GGuarderia.FClientes.OpcionCli">Ver OpcionCli</see>. La opción 3 es búsqueda por Apellidos.</para></remarks>
</member><member name="M:GGuarderia.FClientes.RBDirec_CheckedChanged(System.Object,System.EventArgs)">
	<summary>
 RBDirec_CheckedChanged().
 </summary>
	<param name="sender">variable de tipo System.Object, hace referencia al objeto que dispara el evento</param>
	<param name="e">variable de tipo System.EventArgs, sirve para pasarle argumentos al procedimiento</param>
	<remarks>Método privado de evento que se ejecuta al dispararse el evento OnChecked del objeto RadioButton llamado RBDirec.
 <para>Este método establece que la opción de filtrado seleccionada por el usuario es la cuarta (4) <see cref="F:GGuarderia.FClientes.OpcionCli">Ver OpcionCli</see>. La opción 4 es búsqueda por dirección.</para></remarks>
</member><member name="M:GGuarderia.FClientes.RBTeleuno_CheckedChanged(System.Object,System.EventArgs)">
	<summary>
 RBTeleuno_CheckedChanged()
 </summary>
	<param name="sender">variable de tipo System.Object, hace referencia al objeto que dispara el evento</param>
	<param name="e">variable de tipo System.EventArgs, sirve para pasarle argumentos al procedimiento</param>
	<remarks>Método privado de evento que se ejecuta al dispararse el evento OnChecked del objeto RadioButton llamado RBTeleuno.
 <para>Este método establece que la opción de filtrado seleccionada por el usuario es la quinta (5) <see cref="F:GGuarderia.FClientes.OpcionCli">Ver OpcionCli</see>. La quinta opción es búsqueda por teléfono fijo.</para></remarks>
</member><member name="M:GGuarderia.FClientes.RBTeledos_CheckedChanged(System.Object,System.EventArgs)">
	<summary>
 RBTeledos_CheckedChanged().
 </summary>
	<param name="sender">variable de tipo System.Object, hace referencia al objeto que dispara el evento</param>
	<param name="e">variable de tipo System.EventArgs, sirve para pasarle argumentos al procedimiento</param>
	<remarks>Método privado de evento que se ejecuta al dispararse el evento OnChecked del objeto RadioButton llamado RBTeledos.
 <para>Este método establece que la opción de filtrado seleccionada por el usuario es la sexta (6) <see cref="F:GGuarderia.FClientes.OpcionCli">Ver OpcionCli</see> La sexta opción es búsqueda por teléfono móvil.</para></remarks>
</member><member name="M:GGuarderia.FClientes.RBSFiltro_CheckedChanged(System.Object,System.EventArgs)">
	<summary>
 RBSFiltro_CheckedChanged()
 </summary>
	<param name="sender">variable de tipo System.Object, hace referencia al objeto que dispara el evento</param>
	<param name="e">variable de tipo System.EventArgs, sirve para pasarle argumentos al procedimiento</param>
	<remarks>Método privado de evento que se ejecuta al dispararse el evento OnChecked del objeto RadioButton llamado RBSFiltro.
 <para>Este método establece que la opción de filtrado seleccionada por el usuario es la séptima (7). <see cref="F:GGuarderia.FClientes.OpcionCli">Ver OpcionCli</see>. La séptima opción es búsqueda sin filtro</para></remarks>
</member><member name="M:GGuarderia.FClientes.RBPlaza_CheckedChanged(System.Object,System.EventArgs)">
	<summary>
 RBPlaza_CheckedChanged()
 </summary>
	<param name="sender">variable de tipo System.Object, hace referencia al objeto que dispara el evento</param>
	<param name="e">variable de tipo System.EventArgs, sirve para pasarle argumentos al procedimiento</param>
	<remarks>Método privado de evento que se ejecuta al dispararse el evento OnChecked del objeto RadioButton llamado RBPlaza.
 <para>Este método establece que la opción de filtrado seleccionada por el usuario es la octava (8). <see cref="F:GGuarderia.FClientes.OpcionCli">Ver OpcionCli</see>. La octava opción es búsqueda por número de plaza.</para></remarks>
</member><member name="M:GGuarderia.FClientes.txtFiltro_KeyPress(System.Object,System.Windows.Forms.KeyPressEventArgs)">
	<summary>
 txtFiltro_KeyPress()
 </summary>
	<param name="sender">variable de tipo System.Object, hace referencia al objeto que dispara el evento</param>
	<param name="e">variable de tipo System.EventArgs, sirve para pasarle argumentos al procedimiento</param>
	<remarks>Método privado de evento que se ejecuta al dispararse el evento OnKeypress del objeto txtFiltro.
 <para>Este método sirve para controlar la pulsación de la tecla Intro. Si la pulsa y hay algo escrito se realiza la búsqueda. 
 <see cref="M:GGuarderia.FClientes.OpcionClientes(System.Int16@)">Ver OpcionClientes</see>. Si no hay nada escrito se advierte al usuario.</para></remarks>
</member><member name="M:GGuarderia.FClientes.CmdBuscar_Click(System.Object,System.EventArgs)">
	<summary>
 CmdBuscar_Click()
 </summary>
	<param name="sender">variable de tipo System.Object, hace referencia al objeto que dispara el evento</param>
	<param name="e">variable de tipo System.EventArgs, sirve para pasarle argumentos al procedimiento</param>
	<remarks>Método privado de evento que se ejecuta al dispararse el evento OnClick del objeto CmdBuscar.
 <para>Este método realiza la búsqueda del cliente según el filtro seleccionado previamente <see cref="F:GGuarderia.FClientes.OpcionCli">Ver OpcionCli</see> y 
 para ello hace una llamada al método <see cref="M:GGuarderia.FClientes.OpcionClientes(System.Int16@)">OpcionClientes()</see>. Si no hay nada escrito en txtFiltro se advierte al usuario.</para></remarks>
</member><member name="M:GGuarderia.FClientes.FClientes_Closing(System.Object,System.ComponentModel.CancelEventArgs)">
	<summary>
 FClientes_Closing()
 </summary>
	<param name="sender">variable de tipo System.Object, hace referencia al objeto que dispara el evento</param>
	<param name="e">variable de tipo System.EventArgs, sirve para pasarle argumentos al procedimiento</param>
	<remarks>Método privado de evento que se ejecuta la dispararse el evento OnClosing de la clase/ventana FClientes.
 <para>Este método habilita la opción de menú y de la botonera de la ventana padre de FClientes.</para>
	</remarks>
</member><member name="M:GGuarderia.FClientes.FClientes_Load(System.Object,System.EventArgs)">
	<summary>
 FClientes_Load()
 </summary>
	<param name="sender">variable de tipo System.Object, hace referencia al objeto que dispara el evento</param>
	<param name="e">variable de tipo System.EventArgs, sirve para pasarle argumentos al procedimiento</param>
	<remarks>Método privado de evento que se ejecuta al dispararse el evento Onload() de la ventana/clase FClientes.
 <para>Este método, al abrir la ventana, se conecta con la base de datos y recupera la información de la tabla de clientes y la asigna a los controles de la ventana.</para></remarks>
</member><member name="M:GGuarderia.FClientes.BarraClientes_actualizar(System.Boolean)">
	<summary>
 BarraClientes_actualizar()
 </summary>
	<param name="S">parámetro de tipo booleano. Si es true indica que se tiene que cerrar la ventana.</param>
	<remarks>Método privado de evento que se ejecuta al dispararse el evento de actualización de la barra de navegación BarraSurf1.
 <para>Este método realiza un update sobre la tabla de clientes y si el parámetro pasado es true, significa que se quiere cerrar la ventana.</para></remarks>
</member><member name="M:GGuarderia.FClientes.BarraClientes_DeshacerRegistro">
	<summary>
 BarraClientes_DeshacerRegistro().
 </summary>
	<remarks>Método privado de evento que se ejecuta al dispararse el evento de cancelación de la barra de navegación BarraSurf1.
 <para>Este método envía un mensaje de advertencia al usuario.</para></remarks>
</member><member name="M:GGuarderia.FClientes.BarraClientes_EliminarRegistro">
	<summary>
 BarraClientes_EliminarRegistro().
 </summary>
	<remarks>Método privado de evento que se ejecutaal dispararse el evento de eliminación de la barra de navegación barrasurf1.
 <para>Este método envía un mensaje de advertencia al usuario.</para></remarks>
</member><member name="M:GGuarderia.FClientes.BarraClientes_NuevoRegistro">
	<summary>
 BarraClientes_NuevoRegistro().
 </summary>
	<remarks>Método privado de evento que se ejecuta al dispararse el evento NuevoRegistro de la barra de navegación barrasurf1.
 <para>Este método envía un mensaje de advertencia al usuario.</para></remarks>
</member><member name="T:GGuarderia.FClientes">
	<summary>
 Public Class FClientes
 </summary>
	<remarks>Clase Pública de tipo Windows Forms que muestra la ventana de gestión de Clientes</remarks>
</member><member name="M:GGuarderia.FInicio.TimerInicio_Tick(System.Object,System.EventArgs)">
	<summary>
 TimerInicio_Tick()
 </summary>
	<param name="sender">variable de tipo System.Object, hace referencia al objeto que dispara el evento</param>
	<param name="e">variable de tipo System.EventArgs, sirve para pasarle argumentos al procedimiento</param>
	<remarks>Procedimiento de evento del objeto timerInicio de la clase FInicio.
 <para>Pasados cuatro segundos se abre la aplicación. </para></remarks>
</member><member name="M:GGuarderia.FInicio.Panel1_Click(System.Object,System.EventArgs)">
	<summary>
 Panel1_Click()
 </summary>
	<param name="sender">variable de tipo System.Object, hace referencia al objeto que dispara el evento</param>
	<param name="e">variable de tipo System.EventArgs, sirve para pasarle argumentos al procedimiento</param>
	<remarks>Método privado de evento que se ejecuta al hacer click sobre el objeto panel1.
 <para>El objeto panel1 cubre todo el espacio de la ventana así que si se pulsa sobre la ventana se activa este evento y se cierra la ventana.</para></remarks>
</member><member name="M:GGuarderia.FInicio.FInicio_KeyPress(System.Object,System.Windows.Forms.KeyPressEventArgs)">
	<summary>
 FInicio_KeyPress().
 </summary>
	<param name="sender">variable de tipo System.Object, hace referencia al objeto que dispara el evento</param>
	<param name="e">variable de tipo System.EventArgs, sirve para pasarle argumentos al procedimiento</param>
	<remarks>Método privado de evento que se ejecuta al pulsar una tecla estando esta ventana activa.
 <para>Este procedimiento cierra la ventana.</para></remarks>
</member><member name="M:GGuarderia.FInicio.FInicio_Load(System.Object,System.EventArgs)">
	<summary>
 FInicio_Load().
 </summary>
	<param name="sender">variable de tipo System.Object, hace referencia al objeto que dispara el evento</param>
	<param name="e">variable de tipo System.EventArgs, sirve para pasarle argumentos al procedimiento</param>
	<remarks>Método privado de evento que se dispara al abrir la ventana.
 <para>Este procedimiento inicializa los valores de los objetos label de la ventana. También ejecuta la función <see cref="M:GGuarderia.FInicio.abrirempresa">abrirempresa()</see></para></remarks>
</member><member name="M:GGuarderia.FInicio.abrirempresa">
	<summary>
 abrirempresa().
 </summary>
	<remarks>Procedimiento que abre un fichero con los datos de la empresa/usuario y guarda su información en variables globales de la aplicación.</remarks>
</member><member name="T:GGuarderia.FInicio">
	<summary>
 Public Class FInicio
 </summary>
	<remarks>Clase Pública que muestra la típica ventana de Splash de la aplicación.</remarks>
</member><member name="F:GGuarderia.FIngGas.conexion">
	<summary>
 conexion. Objeto de tipo Component1
 </summary>
	<remarks>Objeto de tipo Component1 que sirve para manejar la base de datos</remarks>
</member><member name="M:GGuarderia.FIngGas.BorrarFacturasSinAbonar">
	<summary>
 BorrarFacturasSinAbonar()
 </summary>
	<remarks>Método privado de la clase FIngGas. Elimina las facturas sin abonar.
 <para>Carga en memoria la tabla de facturación y la recorre buscando los registros de facturas sin abonar y los que encuentre los borra.</para>
		<para>Este método es llamado desde el método <see cref="M:GGuarderia.FIngGas.IngresarClientes">IngresarClientes()</see></para></remarks>
</member><member name="M:GGuarderia.FIngGas.RecalcularGastos">
	<summary>
 RecalcularGastos()
 </summary>
	<remarks>Método privado de la clase FIngGas().
 <para>Este método calcula los gastos totales, los reparte entre los clientes y calcula el beneficio por cliente y lo guarda en la tabla de facturación.</para>
		<para>Este método es llamado desde el método <see cref="M:GGuarderia.FIngGas.IngresarClientes">IngresarClientes()</see></para></remarks>
</member><member name="M:GGuarderia.FIngGas.IngresarClientes">
	<summary>
 IngresarClientes()
 </summary>
	<remarks>Método privado de la clase FIngGas().
 <para>Este método crea una factura de un cliente dado por el usuario y añade los datos de ese cliente y esa factura como un ingreso </para>.
 <para>Este método llama a <see cref="M:GGuarderia.FIngGas.BorrarFacturasSinAbonar">BorrarFacturasSinAbonar()</see>, tambien llama a <see cref="M:GGuarderia.FIngGas.RecalcularGastos">RecalcularGastos()</see>
 y también a <see cref="M:GGuarderia.FIngGas.ClientesIngresados">ClientesIngresados()</see></para>
		<para>Este método se ejecuta desde el procedimiento de evento <see cref="M:GGuarderia.FIngGas.CmdIngCli_Click(System.Object,System.EventArgs)">CmdIngCli_Click()</see></para></remarks>
</member><member name="M:GGuarderia.FIngGas.CmdIngCli_Click(System.Object,System.EventArgs)">
	<summary>
 CmdIngCli_Click()
 </summary>
	<param name="sender">variable de tipo System.Object, hace referencia al objeto que dispara el evento</param>
	<param name="e">variable de tipo System.EventArgs, sirve para pasarle argumentos al procedimiento</param>
	<remarks>Método privado de evento del objeto CmdIngCli, que se ejecuta al dispararse el evento OnClick().
 <para>Este método realiza un ingreso de un cliente en la tabla de ingresos y genera su factura correspondiente</para>
		<para>Este método realiza una llamada al método <see cref="M:GGuarderia.FIngGas.IngresarClientes">IngresarClientes()</see></para></remarks>
</member><member name="M:GGuarderia.FIngGas.ClientesIngresados">
	<summary>
 ClientesIngresados()
 </summary>
	<remarks>Método privado de la clase FIngGas.
 <para>Este procedimiento introduce los clientes en la tabla de ingresos.</para>
		<para>Este método es llamado desde el método <see cref="M:GGuarderia.FIngGas.IngresarClientes">IngresarClientes()</see></para></remarks>
</member><member name="M:GGuarderia.FIngGas.CmdFactIng_Click(System.Object,System.EventArgs)">
	<summary>
 CmdFactIng_Click()
 </summary>
	<param name="sender">variable de tipo System.Object, hace referencia al objeto que dispara el evento</param>
	<param name="e">variable de tipo System.EventArgs, sirve para pasarle argumentos al procedimiento</param>
	<remarks>Método privado de evento que se ejecuta al dispararse el evento OnClick() del objeto CmdFactIng.
 <para>Este método inserta otros ingresos, distintos de los clientes, en facturación</para></remarks>
</member><member name="M:GGuarderia.FIngGas.FIngGas_Load(System.Object,System.EventArgs)">
	<summary>
 FIngGas_Load()
 </summary>
	<param name="sender">variable de tipo System.Object, hace referencia al objeto que dispara el evento</param>
	<param name="e">variable de tipo System.EventArgs, sirve para pasarle argumentos al procedimiento</param>
	<remarks>Método privado de evento que se ejecuta al dispararse el evento OnLoad() del objeto FIngGas.
 <para>Este método, cuando se abre la ventana, inicializa los valores de los controles del formulario y carga en memoria 
 las tablas de ingresos y gastos desde la base de datos.</para></remarks>
</member><member name="M:GGuarderia.FIngGas.FIngGas_Closing(System.Object,System.ComponentModel.CancelEventArgs)">
	<summary>
 FIngGas_Closing()
 </summary>
	<param name="sender">variable de tipo System.Object, hace referencia al objeto que dispara el evento</param>
	<param name="e">variable de tipo System.EventArgs, sirve para pasarle argumentos al procedimiento</param>
	<remarks>Método privado de evento que se ejecuta al dispararse el evento OnClosing del objeto FIngGas.
 <para>Este método, cuando se cierra la ventana, actualiza las tablas de ingresos y gastos en la base de datos.</para></remarks>
</member><member name="M:GGuarderia.FIngGas.CmdCerrar_Click(System.Object,System.EventArgs)">
	<summary>
 CmdCerrar_Click()
 </summary>
	<param name="sender">variable de tipo System.Object, hace referencia al objeto que dispara el evento</param>
	<param name="e">variable de tipo System.EventArgs, sirve para pasarle argumentos al procedimiento</param>
	<remarks>Método privado de evento que se ejecuta al dispararse el evento OnClick() del objeto CmdCerrar.
 <para>Este método cierra la ventana.</para></remarks>
</member><member name="M:GGuarderia.FIngGas.CmdAyuda_Click(System.Object,System.EventArgs)">
	<summary>
 CmdAyuda_Click()
 </summary>
	<param name="sender">variable de tipo System.Object, hace referencia al objeto que dispara el evento</param>
	<param name="e">variable de tipo System.EventArgs, sirve para pasarle argumentos al procedimiento</param>
	<remarks>Método privado de evento que se ejecuta al dispararse el evento OnClick() del objeto CmdAyuda.
 <para>Este método abre un fichero *.CHM de ayuda</para></remarks>
</member><member name="T:GGuarderia.FIngGas">
	<summary>
 Friend Class FIngGas()
 </summary>
	<remarks>Clase Friend FIngGas de tipo Windows Forms. Sirve para gestionar los ingresos y gastos.</remarks>
</member><member name="F:GGuarderia.FrmSeguridad.ruta">
	<summary>
 ruta. Variable de tipo String.
 </summary>
	<remarks>Variable de tipo String, de ámbito de clase que sirve para almacenar la ruta de la carpeta seleccionada
 para restaurar la copia de seguridad o para guardar la copia de seguridad.</remarks>
</member><member name="M:GGuarderia.FrmSeguridad.FrmSeguridad_Load(System.Object,System.EventArgs)">
	<summary>
 FrmSeguridad_Load()
 </summary>
	<param name="sender">variable de tipo System.Object, hace referencia al objeto que dispara el evento</param>
	<param name="e">variable de tipo System.EventArgs, sirve para pasarle argumentos al procedimiento</param>
	<remarks>Método privado de evento que se ejecuta al dispararse el evento OnLoad() del objeto FrmSeguridad.
 <para>Este método deshabilita la opción de menú y de la botonera de la ventana padre de FrmSeguridad.</para></remarks>
</member><member name="M:GGuarderia.FrmSeguridad.FrmSeguridad_Closing(System.Object,System.ComponentModel.CancelEventArgs)">
	<summary>
 FrmSeguridad_Closing()
 </summary>
	<param name="sender">variable de tipo System.Object, hace referencia al objeto que dispara el evento</param>
	<param name="e">variable de tipo System.EventArgs, sirve para pasarle argumentos al procedimiento</param>
	<remarks>Método privado de evento que se ejecuta al dispararse el evento OnClosing() del objeto FrmSeguridad.
 <para>Este método habilita la opción de menú y de la botonera de la ventana padre de FrmSeguridad.</para></remarks>
</member><member name="M:GGuarderia.FrmSeguridad.CmdCerrarG_Click(System.Object,System.EventArgs)">
	<summary>
 CmdCerrarG_Click()
 </summary>
	<param name="sender">variable de tipo System.Object, hace referencia al objeto que dispara el evento</param>
	<param name="e">variable de tipo System.EventArgs, sirve para pasarle argumentos al procedimiento</param>
	<remarks>Método privado de evento que se ejecuta al dispararse el evento OnClick() del objeto CmdCerrarG y del objeto CmdCerrarR.
 <para>Este método cierra la ventana de Copias de seguridad</para></remarks>
</member><member name="M:GGuarderia.FrmSeguridad.TreeView1_AfterSelect(System.Object,System.Windows.Forms.TreeViewEventArgs)">
	<summary>
 TreeView1_AfterSelect()
 </summary>
	<param name="sender">variable de tipo System.Object, hace referencia al objeto que dispara el evento</param>
	<param name="e">variable de tipo System.EventArgs, sirve para pasarle argumentos al procedimiento</param>
	<remarks>Método privado de evento que se ejecuta al dispararse el evento OnAfterSelect() del objeto Treeview.
 <para>Este método, cuando se selecciona una carpeta en el treeview, guarda la ruta de esa carpeta en la variable <see cref="F:GGuarderia.FrmSeguridad.ruta">ruta</see></para></remarks>
</member><member name="M:GGuarderia.FrmSeguridad.CmdGuardar_Click(System.Object,System.EventArgs)">
	<summary>
 CmdGuardar_Click()
 </summary>
	<param name="sender">variable de tipo System.Object, hace referencia al objeto que dispara el evento</param>
	<param name="e">variable de tipo System.EventArgs, sirve para pasarle argumentos al procedimiento</param>
	<remarks>Método privado de evento que se ejecuta al dispararse el evento OnClick() del objeto CmdGuardar.
 <para>Este método guarda una copia del fichero de la base de datos en una ruta dada. <see cref="F:GGuarderia.FrmSeguridad.ruta">Ver ruta</see></para></remarks>
</member><member name="M:GGuarderia.FrmSeguridad.CmdRestaurar_Click(System.Object,System.EventArgs)">
	<summary>
 CmdRestaurar_Click()
 </summary>
	<param name="sender">variable de tipo System.Object, hace referencia al objeto que dispara el evento</param>
	<param name="e">variable de tipo System.EventArgs, sirve para pasarle argumentos al procedimiento</param>
	<remarks>Método privado de evento que se ejecuta al dispararse el evento OnClick() del objeto CmdRestaurar.
 <para>Este método restaura la copia de seguridad de la base de datos.</para></remarks>
</member><member name="M:GGuarderia.FrmSeguridad.VerUnidades">
	<summary>
 VerUnidades()
 </summary>
	<remarks>Método privado de la clase FrmSeguridad que sirve para rellenar el treeview con las unidades del PC</remarks>
</member><member name="M:GGuarderia.FrmSeguridad.CrearCarpeta">
	<summary>
 CrearCarpeta()
 </summary>
	<returns>Retorna un valor booleano indicando si se creó la carpeta con éxito o no se creó</returns>
	<remarks>Función privada de la clase FrmSeguridad que sirve para crear una carpeta en una ruta dada.
 <para>La ruta se almacena en una variable de tipo String de ámbito de clase <see cref="F:GGuarderia.FrmSeguridad.ruta">Ver ruta</see></para></remarks>
</member><member name="M:GGuarderia.FrmSeguridad.LeerCarpeta">
	<summary>
 LeerCarpeta()
 </summary>
	<returns>Retorna un valor booleano indicando si existe la carpeta a leer</returns>
	<remarks>Función privada de la clase FrmSeguridad que sirve para comprobar si existe una carpeta dada.
 <para>El nombre de la carpeta se almacena en una variable de tipo String de ámbito de clase <see cref="F:GGuarderia.FrmSeguridad.ruta">Ver ruta</see></para></remarks>
</member><member name="M:GGuarderia.FrmSeguridad.CmdVeres_Click(System.Object,System.EventArgs)">
	<summary>
 CmdVeres_Click()
 </summary>
	<param name="sender">variable de tipo System.Object, hace referencia al objeto que dispara el evento</param>
	<param name="e">variable de tipo System.EventArgs, sirve para pasarle argumentos al procedimiento</param>
	<remarks>Método privado de evento que se ejecuta al dispararse el evento ONClick() de los objetos CmdVer y CmdVeres.
 <para>Este método ejecuta la rutina llamada <see cref="M:GGuarderia.FrmSeguridad.VerUnidades">VerUnidades()</see></para></remarks>
</member><member name="M:GGuarderia.FAcercade.FAcercade_Load(System.Object,System.EventArgs)">
	<summary>
 FAcercade_Load().
 </summary>
	<param name="sender">variable de tipo System.Object, hace referencia al objeto que dispara el evento</param>
	<param name="e">variable de tipo System.EventArgs, sirve para pasarle argumentos al procedimiento</param>
	<remarks>Método privado que se ejecuta al dispararse el evento Onload del formulario.
 <para>Al abrir la ventana se inicializan los valores para las etiquetas del formulario.</para></remarks>
</member><member name="M:GGuarderia.FAcercade.FAcercade_Closing(System.Object,System.ComponentModel.CancelEventArgs)">
	<summary>
 FAcercade_Closing()
 </summary>
	<param name="sender">variable de tipo System.Object, hace referencia al objeto que dispara el evento</param>
	<param name="e">variable de tipo System.EventArgs, sirve para pasarle argumentos al procedimiento</param>
	<remarks>Método privado que se ejecuta al dispararse el evento OnClosing del formulario.
 <para>Cuando se cierra el formulario se habilitan el botón y el menú del formulario padre.</para></remarks>
</member><member name="M:GGuarderia.FAcercade.CmdAceptar_Click(System.Object,System.EventArgs)">
	<summary>
 CmdAceptar_Click().
 </summary>
	<param name="sender">variable de tipo System.Object, hace referencia al objeto que dispara el evento</param>
	<param name="e">variable de tipo System.EventArgs, sirve para pasarle argumentos al procedimiento</param>
	<remarks>Método privado que se ejecuta al dispararse el evento click del botón CmdAceptar. Lo único que hace es cerrar la ventana.</remarks>
</member><member name="M:GGuarderia.FAcercade.lblcontacto_LinkClicked(System.Object,System.Windows.Forms.LinkLabelLinkClickedEventArgs)">
	<summary>
 lblcontacto_LinkClicked().
 </summary>
	<param name="sender">variable de tipo System.Object, hace referencia al objeto que dispara el evento</param>
	<param name="e">variable de tipo System.EventArgs, sirve para pasarle argumentos al procedimiento</param>
	<remarks>Método privado que se ejecuta al dispararse el evento LinkClicked de la label lblcontacto.
 Cuando se hace click sobre esta etiqueta se abre el outlook express para mandar un e-mail directamente al creador del programa.</remarks>
</member><member name="T:GGuarderia.FAcercade">
	<summary>
 Public Class FAcercade.
 </summary>
	<remarks>Clase pública de tipo Windows Form. Sirve para mostrar la típica ventana "Acerca de" que tienen todas las aplicaciones.</remarks>
</member><member name="F:GGuarderia.Fgaraje.conexion">
	<summary>
 conexion. Objeto de tipo Component1
 </summary>
	<remarks>Esta variable de objeto sirve para administrar la base de datos. Su ámbito es el de la clase.</remarks>
</member><member name="M:GGuarderia.Fgaraje.Fgaraje_Closing(System.Object,System.ComponentModel.CancelEventArgs)">
	<summary>
 Fgaraje_Closing()
 </summary>
	<param name="sender">variable de tipo System.Object, hace referencia al objeto que dispara el evento</param>
	<param name="e">variable de tipo System.EventArgs, sirve para pasarle argumentos al procedimiento</param>
	<remarks>Método privado de evento del objeto Fgaraje, que se ejecuta al dispararse el evento OnClosing.
 <para>Este método, cuando se cierra la ventana, habilita la botonera y la opción de menú que corresponde.</para></remarks>
</member><member name="M:GGuarderia.Fgaraje.Fgaraje_Load(System.Object,System.EventArgs)">
	<summary>
 Fgaraje_Load()
 </summary>
	<param name="sender">variable de tipo System.Object, hace referencia al objeto que dispara el evento</param>
	<param name="e">variable de tipo System.EventArgs, sirve para pasarle argumentos al procedimiento</param>
	<remarks>Método privado de evento del objeto Fgaraje, que se ejecuta al dispararse el evento OnLoad().
 <para>Este método, cuando se abre la ventana, carga en memoria la base de datos y la asocia con los controles del formulario.</para></remarks>
</member><member name="M:GGuarderia.Fgaraje.CmdFecha_Click(System.Object,System.EventArgs)">
	<summary>
 CmdFecha_Click()
 </summary>
	<param name="sender">variable de tipo System.Object, hace referencia al objeto que dispara el evento</param>
	<param name="e">variable de tipo System.EventArgs, sirve para pasarle argumentos al procedimiento</param>
	<remarks>Método privado de evento del objeto CmdFecha, que se ejecuta al dispararse el evento OnClick().
 <para>Procedimiento que introduce la fecha de entrada. Este método asigna al textbox "txtFEntrada" la fecha de hoy en formato corto</para></remarks>
</member><member name="M:GGuarderia.Fgaraje.CmdFSalida_Click(System.Object,System.EventArgs)">
	<summary>
 CmdFSalida_Click()
 <para>Método privado del evento Onclick() del objeto CmdFSalida.</para>
	</summary>
	<param name="sender">variable de tipo System.Object, hace referencia al objeto que dispara el evento</param>
	<param name="e">variable de tipo System.EventArgs, sirve para pasarle argumentos al procedimiento</param>
	<remarks>Método privado de evento del objeto CmdFSalida, que se ejecuta al dispararse el evento OnClick().
 <para>Procedimiento que introduce la fecha de salida en el textbox "TxtFSalida".</para></remarks>
</member><member name="M:GGuarderia.Fgaraje.BarraGestion_actualizar(System.Boolean)">
	<summary>
 BarraGestion_actualizar()
 </summary>
	<param name="S">parámetro de tipo booleano. Si es true indica que se tiene que cerrar la ventana.</param>
	<remarks>Método privado de evento que se ejecuta al dispararse el evento de actualización de la barra de navegación BarraGestion.
 <para>Este método realiza un update sobre la tabla de clientes y si el parámetro pasado es true, significa que se quiere cerrar la ventana.</para></remarks>
</member><member name="M:GGuarderia.Fgaraje.BarraGestion_DeshacerRegistro">
	<summary>
 BarraGestion_DeshacerRegistro()
 </summary>
	<remarks>Método privado de evento que se ejecuta al dispararse el evento de cancelación de la barra de navegación BarraSurf1.
 <para>Este método envía un mensaje de advertencia al usuario.</para></remarks>
</member><member name="M:GGuarderia.Fgaraje.BarraGestion_EliminarRegistro">
	<summary>
 BarraGestion_EliminarRegistro()
 </summary>
	<remarks>Método privado de evento que se ejecutaal dispararse el evento de eliminación de la barra de navegación BarraGestion.
 <para>Este método envía un mensaje de advertencia al usuario.</para></remarks>
</member><member name="M:GGuarderia.Fgaraje.BarraGestion_NuevoRegistro">
	<summary>
 BarraGestion_NuevoRegistro()
 </summary>
	<remarks>Método privado de evento que se ejecuta al dispararse el evento NuevoRegistro de la barra de navegación BarraGestion.
 <para>Este método envía un mensaje de advertencia al usuario.</para></remarks>
</member><member name="M:GGuarderia.Fgaraje.BarraGestion_AntesdeEliminar">
	<summary>
 BarraGestion_AntesdeEliminar()
 </summary>
	<remarks>Método privado de evento que se ejecuta al dispararse el evento de Eliminación de la barra de navegación BarraGestion.
 <para>Procedimiento que se ejecuta antes de eliminar el registro. 
 Lo que se hace es guardar el registro de clientes que se quiere eliminar en la tabla de históricos.</para></remarks>
</member><member name="M:GGuarderia.Fgaraje.GuardarHisto(System.Data.DataRow,System.Data.DataRow)">
	<summary>
 GuardarHisto(). <para>Método privado de la clase Fgaraje.</para>
	</summary>
	<param name="FHisto">parámetro de tipo DataRow, que sirve para guardar un registro de la tabla de históricos. El registro pasado se supone que está vacío.</param>
	<param name="FCli">parámetro de tipo DataRow, que contiene un registro de la tabla de clientes.</param>
	<remarks>Método privado de la clase Fgaraje. Asigna el contenido del parámetro <paramref name="FCli">FCli</paramref> en el parámetro <paramref name="FHisto">FHisto</paramref>.</remarks>
</member><member name="T:GGuarderia.Fgaraje">
	<summary>
 Public Class Fgaraje()
 </summary>
	<remarks>Clase pública Fgaraje de tipo Windows Forms para la gestión de Clientes y Coches</remarks>
</member><member name="M:GGuarderia.FGuardia.BarBoton_ButtonClick(System.Object,System.Windows.Forms.ToolBarButtonClickEventArgs)">
	<summary>
 BarBoton_ButtonClick(). <para>Procedimiento de evento que se dispara cuando se hace click sobre la barra de botones.</para>
	</summary>
	<param name="sender">variable de tipo System.Object, hace referencia al botón activo en cada click, contenido dentro de la barra de botones BarBoton.</param>
	<param name="e">variable de tipo ToolBarButtonClickEventArgs. Sirve para pasar argumentos al procedimiento de evento</param>
	<remarks>Cada botón corresponde a una ventana/sección de la aplicación, así que según el botón pulsado se muestra su ventana correspondiente
 y se deshabilita esa misma sección en la barra de menus. Así se evita que haya 2 ventanas iguales a la vez abiertas.</remarks>
</member><member name="M:GGuarderia.FGuardia.MenuSalir_Click(System.Object,System.EventArgs)">
	<summary>
 MenuSalir_Click(). Procedimiento de evento correspondiente a la opción de menú "Salir" de la barra de menus.
 </summary>
	<param name="sender">variable de tipo System.Object, hace referencia al objeto que dispara el evento </param>
	<param name="e">variable de tipo System.EventArgs, sirve para pasarle argumentos al procedimiento</param>
	<remarks>Este procedimiento hace una llamada a la función privada Finalizar <see cref="M:GGuarderia.FGuardia.Finalizar">Ver función Finalizar</see></remarks>
</member><member name="M:GGuarderia.FGuardia.MenuRecibos_Click(System.Object,System.EventArgs)">
	<summary>
 MenuRecibos_Click(). Procedimiento de evento correspondiente a la opción de menú "Gestión de Recibos" de la barra de menus.
 </summary>
	<param name="sender">variable de tipo System.Object, hace referencia al objeto que dispara el evento</param>
	<param name="e">variable de tipo System.EventArgs, sirve para pasarle argumentos al procedimiento</param>
	<remarks>Este procedimiento hace una llamada a la función privada VerFormRecibos()<see cref="M:GGuarderia.FGuardia.VerFormRecibos">Ver función VerFormRecibos</see></remarks>
</member><member name="M:GGuarderia.FGuardia.MenuCobros_Click(System.Object,System.EventArgs)">
	<summary>
 MenuCobros_Click(). Procedimiento de evento correspondiente a la opción de menú "Cobros y Deudas" de la barra de menus.
 </summary>
	<param name="sender">variable de tipo System.Object, hace referencia al objeto que dispara el evento</param>
	<param name="e">variable de tipo System.EventArgs, sirve para pasarle argumentos al procedimiento</param>
	<remarks>Este procedimiento hace una llamada a la función privada VerFormCobros y se deshabilita a sí mismo. <see cref="M:GGuarderia.FGuardia.VerFormCobros">Ver función VerFormCobros</see></remarks>
</member><member name="M:GGuarderia.FGuardia.MenuFacturación_Click(System.Object,System.EventArgs)">
	<summary>
 MenuFacturación_Click(). Procedimiento de evento correspondiente a la opción de menú "Facturación" de la barra de menus.
 </summary>
	<param name="sender">variable de tipo System.Object, hace referencia al objeto que dispara el evento</param>
	<param name="e">variable de tipo System.EventArgs, sirve para pasarle argumentos al procedimiento</param>
	<remarks>Este procedimiento hace una llamada a la función privada VerFormFacturas y se deshabilita a sí mismo. <see cref="M:GGuarderia.FGuardia.VerFormFacturas">Ver función VerFormFacturas</see></remarks>
</member><member name="M:GGuarderia.FGuardia.MenuOpciones_Click(System.Object,System.EventArgs)">
	<summary>
 MenuOpciones_Click(). Procedimiento de evento correspondiente a la opción de menú "Opciones"
 </summary>
	<param name="sender">variable de tipo System.Object, hace referencia al objeto que dispara el evento</param>
	<param name="e">variable de tipo System.EventArgs, sirve para pasarle argumentos al procedimiento</param>
	<remarks>Este procedimiento hace una llamada a la función privada VerFormOpciones y se deshabilita a sí mismo. <see cref="M:GGuarderia.FGuardia.VerFormOpciones">Ver función VerFormOpciones</see></remarks>
</member><member name="M:GGuarderia.FGuardia.MenuClientes_Click(System.Object,System.EventArgs)">
	<summary>
 MenuClientes_Click(). Procedimiento de evento correspondiente a la opción de menú "Buscador de Clientes"
 </summary>
	<param name="sender">variable de tipo System.Object, hace referencia al objeto que dispara el evento</param>
	<param name="e">variable de tipo System.EventArgs, sirve para pasarle argumentos al procedimiento</param>
	<remarks>Este procedimiento hace una llamada a la función privada VerFormClientes y se deshabilita a sí mismo. <see cref="M:GGuarderia.FGuardia.VerFormClientes">Ver función VerFormClientes</see></remarks>
</member><member name="M:GGuarderia.FGuardia.MenuGuarderia_Click(System.Object,System.EventArgs)">
	<summary>
 MenuGuarderia_Click(). Procedimiento de evento correspondiente a la opción de menú "Gestión de Garaje"
 </summary>
	<param name="sender">variable de tipo System.Object, hace referencia al objeto que dispara el evento</param>
	<param name="e">variable de tipo System.EventArgs, sirve para pasarle argumentos al procedimiento</param>
	<remarks>Este procedimiento hace una llamada a la función privada VerFormGaraje y se deshabilita a sí mismo. <see cref="M:GGuarderia.FGuardia.VerFormGaraje">Ver función VerFormGaraje</see></remarks>
</member><member name="M:GGuarderia.FGuardia.MenuIngresos_Click(System.Object,System.EventArgs)">
	<summary>
 MenuIngresos_Click(). Procedimiento de evento correspondiente a la opción de menú "Ingresos y Gastos"
 </summary>
	<param name="sender">variable de tipo System.Object, hace referencia al objeto que dispara el evento</param>
	<param name="e">variable de tipo System.EventArgs, sirve para pasarle argumentos al procedimiento</param>
	<remarks>Este procedimiento hace una llamada a la función privada VerFormInGas y se deshabilita a sí mismo. <see cref="M:GGuarderia.FGuardia.VerFormInGas">Ver función VerFormInGas</see></remarks>
</member><member name="M:GGuarderia.FGuardia.MenuPlazas_Click(System.Object,System.EventArgs)">
	<summary>
 MenuPlazas_Click(). Procedimiento de evento correspondiente a la opción de menú "Plazas de Garaje"
 </summary>
	<param name="sender">variable de tipo System.Object, hace referencia al objeto que dispara el evento</param>
	<param name="e">variable de tipo System.EventArgs, sirve para pasarle argumentos al procedimiento</param>
	<remarks>Este procedimiento hace una llamada a la función privada VerFormPlazas() y se deshabilita a sí mismo. <see cref="M:GGuarderia.FGuardia.VerFormPlazas">Ver función VerFormPlazas</see></remarks>
</member><member name="M:GGuarderia.FGuardia.MenuInformes_Click(System.Object,System.EventArgs)">
	<summary>
 MenuInformes_Click(). Procedimiento de evento correspondiente a la opción de menú "Visor de Informes"
 </summary>
	<param name="sender">variable de tipo System.Object, hace referencia al objeto que dispara el evento</param>
	<param name="e">variable de tipo System.EventArgs, sirve para pasarle argumentos al procedimiento</param>
	<remarks>Este procedimiento hace una llamada a la función privada VerFormInformes() y se deshabilita a sí mismo. <see cref="M:GGuarderia.FGuardia.VerFormInformes">Ver función VerFormInformes</see></remarks>
</member><member name="M:GGuarderia.FGuardia.MenuHistorico_Click(System.Object,System.EventArgs)">
	<summary>
 MenuHistorico_Click(). Procedimiento de evento correspondiente a la opción de menú "Histórico General"
 </summary>
	<param name="sender">Variable de tipo System.Object, hace referencia al objeto que dispara el evento</param>
	<param name="e">Variable de tipo System.EventArgs, sirve para pasarle argumentos al procedimiento</param>
	<remarks>Este procedimiento hace una llamada a la función privada VerFormHisto() y se deshabilita a sí mismo. <see cref="M:GGuarderia.FGuardia.VerFormHisto">Ver función VerFormHisto</see></remarks>
</member><member name="M:GGuarderia.FGuardia.MenuCorreo_Click(System.Object,System.EventArgs)">
	<summary>
 MenuCorreo_Click(). Procedimiento de evento correspondiente a la opción de menú "Gestor de Correo"
 </summary>
	<param name="sender">Variable de tipo System.Object, hace referencia al objeto que dispara el evento</param>
	<param name="e">Variable de tipo System.EventArgs, sirve para pasarle argumentos al procedimiento</param>
	<remarks>Este procedimiento hace una llamada a la función privada VerFormCorreo(). <see cref="M:GGuarderia.FGuardia.VerFormCorreo">Ver función VerFormCorreo</see></remarks>
</member><member name="M:GGuarderia.FGuardia.MenuCalculadora_Click(System.Object,System.EventArgs)">
	<summary>
 MenuCalculadora_Click(). Procedimiento de evento correspondiente a la opción de menú "Calculadora"
 </summary>
	<param name="sender">Variable de tipo System.Object, hace referencia al objeto que dispara el evento</param>
	<param name="e">Variable de tipo System.EventArgs, sirve para pasarle argumentos al procedimiento</param>
	<remarks>Este procedimiento hace una llamada a la función privada VerFormCalculadora(). <see cref="M:GGuarderia.FGuardia.VerFormCalculadora">Ver función VerFormCalculadora</see></remarks>
</member><member name="M:GGuarderia.FGuardia.MenuAyuda_Click(System.Object,System.EventArgs)">
	<summary>
 MenuAyuda_Click(). Procedimiento de evento correspondiente a la opción de menú "Ayuda"
 </summary>
	<param name="sender">Variable de tipo System.Object, hace referencia al objeto que dispara el evento</param>
	<param name="e">Variable de tipo System.EventArgs, sirve para pasarle argumentos al procedimiento</param>
	<remarks>Este procedimiento hace una llamada a la función privada VerAyuda(). <see cref="M:GGuarderia.FGuardia.VerAyuda">Ver función VerAyuda</see></remarks>
</member><member name="M:GGuarderia.FGuardia.MenuAcercade_Click(System.Object,System.EventArgs)">
	<summary>
 MenuAcercade_Click(). Procedimiento de evento correspondiente a la opción de menú "Acerca de..."
 </summary>
	<param name="sender">Variable de tipo System.Object, hace referencia al objeto que dispara el evento</param>
	<param name="e">Variable de tipo System.EventArgs, sirve para pasarle argumentos al procedimiento</param>
	<remarks>Este procedimiento hace una llamada a la función privada VerFormAcercade() y se deshabilita a sí mismo. <see cref="M:GGuarderia.FGuardia.VerFormAcercade">Ver función VerFormAcercade</see></remarks>
</member><member name="M:GGuarderia.FGuardia.MenuEmpresa_Click(System.Object,System.EventArgs)">
	<summary>
 MenuEmpresa_Click(). Procedimiento de evento correspondiente a la opción de menú "Datos de la empresa"
 </summary>
	<param name="sender">Variable de tipo System.Object, hace referencia al objeto que dispara el evento</param>
	<param name="e">Variable de tipo System.EventArgs, sirve para pasarle argumentos al procedimiento</param>
	<remarks>Este procedimiento abre la ventana Fempresa para que el usuario introduzca los datos de su empresa y así personalizar la aplicación.</remarks>
</member><member name="M:GGuarderia.FGuardia.MnuSeguridad_Click(System.Object,System.EventArgs)">
	<summary>
 MnuSeguridad_Click(). Procedimiento de evento correspondiente a la opción del menú "Seguridad"
 </summary>
	<param name="sender">Variable de tipo System.Object, hace referencia al objeto que dispara el evento</param>
	<param name="e">Variable de tipo System.EventArgs, sirve para pasarle argumentos al procedimiento</param>
	<remarks>Este procedimiento abre la ventana FrmSeguridad, donde el usuario podrá hacer copias de seguridad de la BD de la aplicación.</remarks>
</member><member name="M:GGuarderia.FGuardia.MnuWeb_Click(System.Object,System.EventArgs)">
	<summary>
 MnuWeb_Click(). Procedimiento de evento correspondiente a la opción de menú "Web"
 </summary>
	<param name="sender">Variable de tipo System.Object, hace referencia al objeto que dispara el evento</param>
	<param name="e">Variable de tipo System.EventArgs, sirve para pasarle argumentos al procedimiento</param>
	<remarks>Este procedimiento se conecta a Internet para visitar la página web del fabricante de la aplicación</remarks>
</member><member name="M:GGuarderia.FGuardia.MnuRegistrar_Click(System.Object,System.EventArgs)">
	<summary>
 MnuRegistrar_Click(). Procedimiento de evento correspondiente a la opción de menú "Registrar"
 </summary>
	<param name="sender">Variable de tipo System.Object, hace referencia al objeto que dispara el evento</param>
	<param name="e">Variable de tipo System.EventArgs, sirve para pasarle argumentos al procedimiento</param>
	<remarks>Este procedimiento abre la ventana FRegistro, que permite al usuario introducir una clave y registrar la aplicación</remarks>
</member><member name="M:GGuarderia.FGuardia.MnuComprar_Click(System.Object,System.EventArgs)">
	<summary>
 MnuComprar_Click(). Procedimiento de evento correspondiente a la opción de menú "Comprar"
 </summary>
	<param name="sender">Variable de tipo System.Object, hace referencia al objeto que dispara el evento</param>
	<param name="e">Variable de tipo System.EventArgs, sirve para pasarle argumentos al procedimiento</param>
	<remarks>Este procedimiento abre un fichero de texto que contiene un formulario de compra de la aplicación</remarks>
</member><member name="M:GGuarderia.FGuardia.Finalizar">
	<summary>
 Finalizar(). Método privado que cierra la aplicación
 </summary>
	<remarks>Este procedimiento antes de cerrar la aplicación comprueba si la aplicación es una DEMO y comprueba la fecha del sistema para validar el plazo de uso de la DEMO.
 <para>Este método es llamado desde el método BarBoton_ButtonClick() y desde MenuSalir()</para></remarks>
</member><member name="M:GGuarderia.FGuardia.VerFormAcercade">
	<summary>
 VerFormAcercade(). Método privado que muestra una ventana "Acerca de..."
 </summary>
	<remarks>Este procedimiento abre la ventana FAcercade.
 <para>Es llamado desde los métodos BarBoton_ButtonClick() y MenuAcercade_Click()</para></remarks>
</member><member name="M:GGuarderia.FGuardia.VerFormCalculadora">
	<summary>
 VerFormCalculadora(). Método privado que ejecuta la calculadora de MS-Windows.
 </summary>
	<remarks>Este procedimiento ejecuta la aplicación externa de Windows llamada calculadora.
 <para>Este método es llamado desde BarBoton_ButtonClick() y desde MenuCalculadora_Click().</para></remarks>
</member><member name="M:GGuarderia.FGuardia.VerFormCorreo">
	<summary>
 VerFormCorreo(). Método privado que abre el ms-word o el wordpad
 </summary>
	<remarks>Este procedimiento abre el ms-word, o el wordpad si no esta instalado ms-office en el pc.
 <para>Este método es llamado desde MenuCorreo_Click() y desde BarBoton_ButtonClick().</para></remarks>
</member><member name="M:GGuarderia.FGuardia.VerFormRecibos">
	<summary>
 VerFormRecibos. Método privado que abre una ventana para crear Recibos.
 </summary>
	<remarks>Este método abre la ventana FrmRecibos.
 <para>Este método es llamado desde BarBoton_ButtonClick() y desde MenuRecibos_Click().</para></remarks>
</member><member name="M:GGuarderia.FGuardia.VerFormPlazas">
	<summary>
 VerFormPlazas(). Método privado que muestra una ventana para la gestión de plazas de garaje.
 </summary>
	<remarks>Este método abre una ventana para la gestión de plazas llamada FPlazas.
 <para>Este método es llamado desde BarBoton_ButtonClick() y desde MenuPlazas_Click().</para></remarks>
</member><member name="M:GGuarderia.FGuardia.VerFormGaraje">
	<summary>
 VerFormGaraje(). Método privado que muestra la ventana de Gestión de Garaje.
 </summary>
	<remarks>Este método abre la ventana Fgaraje, para la gestión del garaje.
 <para>Este método es llamado desde BarBoton_ButtonClick() y desde MenuGuarderia_Click().</para></remarks>
</member><member name="M:GGuarderia.FGuardia.VerFormOpciones">
	<summary>
 VerFormOpciones(). Método privado que muestra la ventana de Opciones.
 </summary>
	<remarks>Este método abre la ventana FrmOpcion.
 <para>Este método es llamado desde BarBoton_ButtonClick() y desde MenuOpciones_Click()</para></remarks>
</member><member name="M:GGuarderia.FGuardia.VerFormClientes">
	<summary>
 VerFormClientes(). Método privado que muestra la ventana Buscador de Clientes
 </summary>
	<remarks>Este procedimiento abre la ventana FClientes.
 <para>Este procedimiento es llamado desde BarBoton_ButtonClick() y desde MenuClientes()</para>
	</remarks>
</member><member name="M:GGuarderia.FGuardia.VerFormVehiculos">
	<summary>
 VerFormVehiculos(). Método privado que abre una ventana para la gestión de vehículos
 </summary>
	<remarks>Este método abre la ventana FVehiculos, para la gestión de vehículos.
 <para>Este método es llamado desde BarBoton_ButtonClick() y desde MenuVehiculos_Click().</para></remarks>
</member><member name="M:GGuarderia.FGuardia.VerFormInGas">
	<summary>
 VerFormInGas(). Método privado que abre una ventana para la gestión de Ingresos y Gastos.
 </summary>
	<remarks>Este procedimiento abre una ventana para la gestión de Ingresos y Gastos llamada FIngGas
 <para>Este método es llamado desde BarBoton_ButtonClick() y desde MenuIngresos_Click()</para></remarks>
</member><member name="M:GGuarderia.FGuardia.VerFormInformes">
	<summary>
 VerFormInformes(). Método privado que abre una ventana de Informes.
 </summary>
	<remarks>Este método abre una ventana de tipo FInformes para visualizar Informes.
 <para>Este método es llamado desde BarBoton_ButtonClick() y desde MenuInformes_Click().</para></remarks>
</member><member name="M:GGuarderia.FGuardia.VerFormHisto">
	<summary>
 VerFormHisto(). Método privado que abre una ventana para la gestión de historicos.
 </summary>
	<remarks>Este método abre una ventana de tipo Fhistoria.
 <para>Este método es llamado desde BarBoton_Button_Click() y desde MenuHistorico_Click().</para></remarks>
</member><member name="M:GGuarderia.FGuardia.VerFormFacturas">
	<summary>
 VerFormFacturas(). Método privado que abre una ventana para la gestión de facturas.
 </summary>
	<remarks>Este método abre una ventana de tipo FFacturas.
 <para>Este método es llamado desde BarBoton_Button_Click() y desde MenuFacturacion_Click().</para></remarks>
</member><member name="M:GGuarderia.FGuardia.VerFormCobros">
	<summary>
 VerFormCobros(). Método privado que abre una ventana para la gestión de Cobros.
 </summary>
	<remarks>Este método abre una ventana de tipo FCobros, que se encargará de la gestión de Cobros.
 <para>Este método es llamado desde BarBoton_Button_Click() y desde MenuCobros_Click().</para></remarks>
</member><member name="M:GGuarderia.FGuardia.VerAyuda">
	<summary>
 VerAyuda(). Método privado que abre la ayuda de usuario de la aplicación
 </summary>
	<remarks>Este método abre una ayuda de windows en formato html con un manual de usuario.
 <para>Este método es llamado desde BarBoton_Button_Click() y desde MenuAyuda_Click().</para></remarks>
</member><member name="M:GGuarderia.FGuardia.FGuardia_Closing(System.Object,System.ComponentModel.CancelEventArgs)">
	<summary>
 FGuardia_Closing(). Procedimiento de evento del formulario
 </summary>
	<param name="sender">Variable de tipo System.Object, hace referencia al objeto que dispara el evento</param>
	<param name="e">Variable de tipo System.EventArgs, sirve para pasarle argumentos al procedimiento</param>
	<remarks>Este procedimiento se ejecuta al dispararse el evento OnClosing del formulario. Se llama al método <see cref="M:GGuarderia.FGuardia.Finalizar">Finalizar</see>
 que ejecuta unas rutinas de control justo antes de cerrar la aplicación.</remarks>
</member><member name="M:GGuarderia.FGuardia.FGuardia_Load(System.Object,System.EventArgs)">
	<summary>
 FGuardia_Load(). Procedimiento de evento del formulario
 </summary>
	<param name="sender">Variable de tipo System.Object, hace referencia al objeto que dispara el evento</param>
	<param name="e">Variable de tipo System.EventArgs, sirve para pasarle argumentos al procedimiento</param>
	<remarks>Este procedimiento se ejecuta al dispararse el evento OnLoad del formulario.
 Inicializa los valores de la barra de estado y la barra de título de la ventana y muestra una ventana de Splash</remarks>
</member><member name="M:GGuarderia.FGuardia.FGuardia_KeyPress(System.Object,System.Windows.Forms.KeyPressEventArgs)">
	<summary>
 FGuardia_KeyPress(). Procedimiento de evento del formulario
 </summary>
	<param name="sender">Variable de tipo System.Object, hace referencia al objeto que dispara el evento</param>
	<param name="e">Variable de tipo System.EventArgs, sirve para pasarle argumentos al procedimiento</param>
	<remarks>Este procedimiento se ejecuta al dispararse el evento OnKeypress y sirve para controlar
 las teclas de control del teclado que el usuario pulse y muestre un mensaje en la barra de estado en consecuencia.</remarks>
</member><member name="M:GGuarderia.FGuardia.AbrirVentana(System.Windows.Forms.Form)">
	<summary>
 AbrirVentana(). Método privado que abre una ventana
 </summary>
	<param name="ventana">variable de tipo Windows Form</param>
	<remarks>Este método abre una ventana pasada a través del parámetro <paramref name="ventana">ventana</paramref>.
 Esta ventana abierta es de tipo MDI.
 <para>Este método es llamado desde los métodos que empiezan por "VerForm..."</para></remarks>
</member><member name="M:GGuarderia.FGuardia.Habilitar(System.Boolean)">
	<summary>
 Habilitar(). Método privado para habilitar o deshabilitar el menú de herramientas o la barra de menús
 </summary>
	<param name="valor">variable de tipo booleano. Los valores que puede tomar son true o false.</param>
	<remarks>Este método habilita las opciones de menú si <paramref name="valor">valor</paramref> es true o los deshabilita si su valor es false.</remarks>
</member><member name="M:GGuarderia.FGuardia.Timer1_Tick(System.Object,System.EventArgs)">
	<summary>
 Timer1_Tick(). Procedimiento de evento del control Timer.
 </summary>
	<param name="sender">Variable de tipo System.Object, hace referencia al objeto que dispara el evento</param>
	<param name="e">Variable de tipo System.EventArgs, sirve para pasarle argumentos al procedimiento</param>
	<remarks>Cada vez que pase un segundo la hora cambia y se muestra en la barra de estado de la aplicación.</remarks>
</member><member name="M:GGuarderia.FGuardia.ComprobarVenta">
	<summary>
 ComprobarVenta(). Método privado para comprobar si la aplicación es una DEMO
 </summary>
	<remarks>Este procedimiento comprueba si la aplicación es una demo y muestra un mensaje al usuario avisando de los días que le quedan de uso.</remarks>
</member><member name="M:GGuarderia.FGuardia.ExisteArchivo(System.String)">
	<summary>
 ExisteArchivo(). Función que comprueba si existe el archivo pasado
 </summary>
	<param name="nombre">variable de tipo String con el nombre del archivo a comprobar</param>
	<returns>retorna un valor booleano true si existe el archivo y false si no existe.</returns>
	<remarks>Esta función comprueba si existe el archivo que se le pasa a traves del parámetro <paramref name="nombre">nombre</paramref>
 y devuelve un valor True si existe o un valor False si no existe.</remarks>
</member><member name="M:GGuarderia.FGuardia.GuardarFecha">
	<summary>
 GuardarFecha(). Método privado para guardar la fecha de instalación de la aplicación
 </summary>
	<remarks>Este método guarda la fecha del sistema el día que se instala la aplicación en un fichero "Fechar.dat".
 <see cref="M:GGuarderia.FGuardia.ComprobarVenta">Ver ComprobarVenta()</see></remarks>
</member><member name="T:GGuarderia.FGuardia">
	<summary>
 Public Class FGuardia.
 </summary>
	<remarks>Esta clase es la ventana principal de la aplicación.</remarks>
</member>
</members>
</doc>